ScenarioID,Suite,Candidates,SampleSize,Noise,EffectMagnitude,Delta,Calibrated_Median_Cliffs_d,Correlation,Method,N_Trials,TopChoice_Mean,TopChoice_Std,TopChoice_Median,TopChoice_IQR,TopChoice_Q1,TopChoice_Q3,TopChoice_CI95_Lower,TopChoice_CI95_Upper,TopChoice_Min,TopChoice_Max,CompleteRank_Mean,CompleteRank_Std,CompleteRank_Median,CompleteRank_IQR,CompleteRank_Q1,CompleteRank_Q3,CompleteRank_CI95_Lower,CompleteRank_CI95_Upper,CompleteRank_Min,CompleteRank_Max,KendallTau_Mean,KendallTau_Std,KendallTau_Median,KendallTau_IQR,KendallTau_Q1,KendallTau_Q3,KendallTau_CI95_Lower,KendallTau_CI95_Upper,KendallTau_Min,KendallTau_Max,SpearmanRho_Mean,SpearmanRho_Std,SpearmanRho_Median,SpearmanRho_IQR,SpearmanRho_Q1,SpearmanRho_Q3,SpearmanRho_CI95_Lower,SpearmanRho_CI95_Upper,SpearmanRho_Min,SpearmanRho_Max,FalseSuperiority_Mean,FalseSuperiority_Std,FalseSuperiority_Median,FalseSuperiority_IQR,FalseSuperiority_Q1,FalseSuperiority_Q3,FalseSuperiority_CI95_Lower,FalseSuperiority_CI95_Upper,FalseSuperiority_Min,FalseSuperiority_Max,Regret_Mean,Regret_Std,Regret_Median,Regret_IQR,Regret_Q1,Regret_Q3,Regret_CI95_Lower,Regret_CI95_Upper,Regret_Min,Regret_Max,CompensatoryError_Mean,CompensatoryError_Std,CompensatoryError_Median,CompensatoryError_IQR,CompensatoryError_Q1,CompensatoryError_Q3,CompensatoryError_CI95_Lower,CompensatoryError_CI95_Upper,CompensatoryError_Min,CompensatoryError_Max,RankDisplacement_Mean,RankDisplacement_Std,RankDisplacement_Median,RankDisplacement_IQR,RankDisplacement_Q1,RankDisplacement_Q3,RankDisplacement_CI95_Lower,RankDisplacement_CI95_Upper,RankDisplacement_Min,RankDisplacement_Max,TopChoiceRankRegret_Mean,TopChoiceRankRegret_Std,TopChoiceRankRegret_Median,TopChoiceRankRegret_IQR,TopChoiceRankRegret_Q1,TopChoiceRankRegret_Q3,TopChoiceRankRegret_CI95_Lower,TopChoiceRankRegret_CI95_Upper,TopChoiceRankRegret_Min,TopChoiceRankRegret_Max,Observed_Cliffs_d_M1_Mean,Observed_Cliffs_d_M1_Std,Observed_Cliffs_d_M1_Median,Observed_Cliffs_d_M1_IQR,Observed_Cliffs_d_M1_Q1,Observed_Cliffs_d_M1_Q3,Observed_Cliffs_d_M1_CI95_Lower,Observed_Cliffs_d_M1_CI95_Upper,Observed_Cliffs_d_M1_Min,Observed_Cliffs_d_M1_Max,Observed_Cliffs_d_M2_Mean,Observed_Cliffs_d_M2_Std,Observed_Cliffs_d_M2_Median,Observed_Cliffs_d_M2_IQR,Observed_Cliffs_d_M2_Q1,Observed_Cliffs_d_M2_Q3,Observed_Cliffs_d_M2_CI95_Lower,Observed_Cliffs_d_M2_CI95_Upper,Observed_Cliffs_d_M2_Min,Observed_Cliffs_d_M2_Max,Observed_Delta_M1_Mean,Observed_Delta_M1_Std,Observed_Delta_M1_Median,Observed_Delta_M1_IQR,Observed_Delta_M1_Q1,Observed_Delta_M1_Q3,Observed_Delta_M1_CI95_Lower,Observed_Delta_M1_CI95_Upper,Observed_Delta_M1_Min,Observed_Delta_M1_Max,Observed_Delta_M2_Mean,Observed_Delta_M2_Std,Observed_Delta_M2_Median,Observed_Delta_M2_IQR,Observed_Delta_M2_Q1,Observed_Delta_M2_Q3,Observed_Delta_M2_CI95_Lower,Observed_Delta_M2_CI95_Upper,Observed_Delta_M2_Min,Observed_Delta_M2_Max,Observed_Median_Cliffs_d_Mean,Observed_Median_Cliffs_d_Std,Observed_Median_Cliffs_d_Median,Observed_Median_Cliffs_d_IQR,Observed_Median_Cliffs_d_Q1,Observed_Median_Cliffs_d_Q3,Observed_Median_Cliffs_d_CI95_Lower,Observed_Median_Cliffs_d_CI95_Upper,Observed_Median_Cliffs_d_Min,Observed_Median_Cliffs_d_Max,Failure_Rate_Percent
SC_001,Core,10,50,2.0,Medium,5.0,0.5,0.0,Borda,100,0.46,0.5009082659620331,0.0,1.0,0.0,1.0,0.0,1.0,0.0,1.0,0.0,0.0,0.0,0.0,0.0,0.0,0.0,0.0,0.0,0.0,0.6231111111111111,0.08764107327847011,0.6444444444444444,0.1333333333333333,0.5555555555555555,0.6888888888888888,0.4222222222222222,0.7777777777777777,0.3777777777777777,0.8222222222222221,0.7939393939393937,0.06656920276319694,0.8060606060606059,0.07272727272727275,0.7575757575757575,0.8303030303030302,0.6351515151515151,0.9093939393939392,0.5878787878787878,0.9151515151515152,0.1884444444444444,0.04382053663923507,0.1777777777777777,0.06666666666666671,0.1555555555555555,0.2222222222222222,0.1111111111111111,0.2888888888888888,0.0888888888888888,0.3111111111111111,-0.585,0.8763301577913117,0.0,1.5,-1.5,0.0,-1.5,1.0,-1.5,1.0,0.13,0.33799766898963113,0.0,0.0,0.0,0.0,0.0,1.0,0.0,1.0,1.4280000000000002,0.29269903872873804,1.4,0.40000000000000013,1.2,1.6,0.895,2.0,0.8,2.2,0.72,0.8655003807572295,1.0,1.0,0.0,1.0,0.0,3.0,0.0,3.0,-0.388376,0.10697358601566324,-0.3776,0.1286,-0.4518,-0.3232,-0.5975199999999999,-0.18198,-0.7192,-0.0664,0.9878319999999999,0.010063102720514992,0.9896,0.013599999999999945,0.9824,0.996,0.9627,1.0,0.956,1.0,-1.4432239999999998,0.41890409141236634,-1.3936000000000002,0.4390999999999998,-1.6395250000000001,-1.200425,-2.28517,-0.6724325000000004,-3.0216,-0.2831,7.041463,0.43393938054860737,7.0259,0.6396499999999996,6.712175,7.351825,6.19852,7.822752499999999,6.1619,8.2925,0.8524200000000002,0.018700780516309787,0.8528,0.02440000000000009,0.8398,0.8642,0.8167800000000001,0.8853,0.8076,0.8912,0.0
SC_001,Core,10,50,2.0,Medium,5.0,0.5,0.0,HERA,100,1.0,0.0,1.0,0.0,1.0,1.0,1.0,1.0,1.0,1.0,0.78,0.4163331998932266,1.0,0.0,1.0,1.0,0.0,1.0,0.0,1.0,0.9902222222222222,0.018503697773032363,1.0,0.0,1.0,1.0,0.9555555555555554,1.0,0.9555555555555554,1.0,0.9973333333333333,0.00504646302900884,1.0,0.0,1.0,1.0,0.9878787878787878,1.0,0.9878787878787878,1.0,0.004888888888888884,0.009251848886516137,0.0,0.0,0.0,0.0,0.0,0.0222222222222222,0.0,0.0222222222222222,0.0,0.0,0.0,0.0,0.0,0.0,0.0,0.0,0.0,0.0,0.0,0.0,0.0,0.0,0.0,0.0,0.0,0.0,0.0,0.0,0.044000000000000004,0.08326663997864533,0.0,0.0,0.0,0.0,0.0,0.2,0.0,0.2,0.0,0.0,0.0,0.0,0.0,0.0,0.0,0.0,0.0,0.0,-0.388376,0.10697358601566324,-0.3776,0.1286,-0.4518,-0.3232,-0.5975199999999999,-0.18198,-0.7192,-0.0664,0.9878319999999999,0.010063102720514992,0.9896,0.013599999999999945,0.9824,0.996,0.9627,1.0,0.956,1.0,-1.4432239999999998,0.41890409141236634,-1.3936000000000002,0.4390999999999998,-1.6395250000000001,-1.200425,-2.28517,-0.6724325000000004,-3.0216,-0.2831,7.041463,0.43393938054860737,7.0259,0.6396499999999996,6.712175,7.351825,6.19852,7.822752499999999,6.1619,8.2925,0.8524200000000002,0.018700780516309787,0.8528,0.02440000000000009,0.8398,0.8642,0.8167800000000001,0.8853,0.8076,0.8912,0.0
SC_001,Core,10,50,2.0,Medium,5.0,0.5,0.0,TOPSIS,100,1.0,0.0,1.0,0.0,1.0,1.0,1.0,1.0,1.0,1.0,0.7,0.4605661864718382,1.0,1.0,0.0,1.0,0.0,1.0,0.0,1.0,0.9848888888888888,0.025441359062881412,1.0,0.04444444444444462,0.9555555555555554,1.0,0.9322222222222221,1.0,0.8666666666666666,1.0,0.9957575757575756,0.007583405995247998,1.0,0.0121212121212122,0.9878787878787878,1.0,0.9815151515151515,1.0,0.9515151515151514,1.0,0.007555555555555546,0.01272067953144066,0.0,0.0222222222222222,0.0,0.0222222222222222,0.0,0.03388888888888866,0.0,0.0666666666666666,0.0,0.0,0.0,0.0,0.0,0.0,0.0,0.0,0.0,0.0,0.0,0.0,0.0,0.0,0.0,0.0,0.0,0.0,0.0,0.0,0.068,0.11448611578296605,0.0,0.2,0.0,0.2,0.0,0.30499999999999833,0.0,0.6,0.0,0.0,0.0,0.0,0.0,0.0,0.0,0.0,0.0,0.0,-0.388376,0.10697358601566324,-0.3776,0.1286,-0.4518,-0.3232,-0.5975199999999999,-0.18198,-0.7192,-0.0664,0.9878319999999999,0.010063102720514992,0.9896,0.013599999999999945,0.9824,0.996,0.9627,1.0,0.956,1.0,-1.4432239999999998,0.41890409141236634,-1.3936000000000002,0.4390999999999998,-1.6395250000000001,-1.200425,-2.28517,-0.6724325000000004,-3.0216,-0.2831,7.041463,0.43393938054860737,7.0259,0.6396499999999996,6.712175,7.351825,6.19852,7.822752499999999,6.1619,8.2925,0.8524200000000002,0.018700780516309787,0.8528,0.02440000000000009,0.8398,0.8642,0.8167800000000001,0.8853,0.8076,0.8912,0.0
SC_001,Core,10,50,2.0,Medium,5.0,0.5,0.0,Wilcoxon-Copeland,100,0.62,0.48783173121456336,1.0,1.0,0.0,1.0,0.0,1.0,0.0,1.0,0.0,0.0,0.0,0.0,0.0,0.0,0.0,0.0,0.0,0.0,0.7631111111111107,0.036318964954462976,0.7777777777777777,0.0444444444444444,0.7333333333333333,0.7777777777777777,0.6888888888888888,0.8222222222222221,0.6444444444444444,0.8222222222222221,0.8693333333333331,0.02452120089433456,0.8666666666666665,0.012121212121212088,0.8545454545454544,0.8666666666666665,0.8296969696969697,0.9151515151515152,0.7939393939393938,0.9151515151515152,0.11844444444444441,0.018159482477231505,0.1111111111111111,0.0222222222222222,0.1111111111111111,0.1333333333333333,0.0888888888888888,0.1555555555555555,0.0888888888888888,0.1777777777777777,-0.57,0.7317475968218451,0.0,1.5,-1.5,0.0,-1.5,0.0,-1.5,0.0,0.02,0.14070529413628965,0.0,0.0,0.0,0.0,0.0,0.0,0.0,1.0,1.046,0.13884079975557498,1.0,0.19999999999999996,1.0,1.2,0.8,1.2,0.8,1.4,0.38,0.48783173121456336,0.0,1.0,0.0,1.0,0.0,1.0,0.0,1.0,-0.388376,0.10697358601566324,-0.3776,0.1286,-0.4518,-0.3232,-0.5975199999999999,-0.18198,-0.7192,-0.0664,0.9878319999999999,0.010063102720514992,0.9896,0.013599999999999945,0.9824,0.996,0.9627,1.0,0.956,1.0,-1.4432239999999998,0.41890409141236634,-1.3936000000000002,0.4390999999999998,-1.6395250000000001,-1.200425,-2.28517,-0.6724325000000004,-3.0216,-0.2831,7.041463,0.43393938054860737,7.0259,0.6396499999999996,6.712175,7.351825,6.19852,7.822752499999999,6.1619,8.2925,0.8524200000000002,0.018700780516309787,0.8528,0.02440000000000009,0.8398,0.8642,0.8167800000000001,0.8853,0.8076,0.8912,0.0
SC_002,Core,10,50,4.0,Medium,5.0,0.5,0.0,Borda,100,0.37,0.4852365870939097,0.0,1.0,0.0,1.0,0.0,1.0,0.0,1.0,0.0,0.0,0.0,0.0,0.0,0.0,0.0,0.0,0.0,0.0,0.5937777777777778,0.10244936458211787,0.6,0.1777777777777777,0.5111111111111111,0.6888888888888888,0.39888888888888885,0.7566666666666662,0.3333333333333333,0.8222222222222221,0.7675151515151514,0.08257714620725512,0.7696969696969697,0.12121212121212122,0.709090909090909,0.8303030303030302,0.6121212121212121,0.8909090909090909,0.5515151515151515,0.9272727272727272,0.20311111111111102,0.05122468229105895,0.2,0.0888888888888889,0.1555555555555555,0.2444444444444444,0.12166666666666665,0.30055555555555535,0.0888888888888888,0.3333333333333333,-0.63,0.9656211692088376,-1.5,1.5,-1.5,0.0,-1.5,1.0,-1.5,2.5,0.22,0.4163331998932266,0.0,0.0,0.0,0.0,0.0,1.0,0.0,1.0,1.5059999999999996,0.32592370675706095,1.4,0.6000000000000001,1.2,1.8,0.895,2.104999999999998,0.8,2.2,0.88,0.9564243173129146,1.0,1.0,0.0,1.0,0.0,3.0,0.0,4.0,-0.20253600000000002,0.10658852016189657,-0.2104,0.1286,-0.2656,-0.137,-0.43110000000000004,0.019239999999999986,-0.4896,0.0376,0.782328,0.06336116466636947,0.79,0.09160000000000001,0.7352000000000001,0.8268,0.63238,0.90096,0.6232,0.9584,-1.4679659999999999,0.7551792525478888,-1.4596,0.83985,-1.89815,-1.0583,-2.8421025,0.020952499999998472,-3.5518,0.1841,7.008361000000001,0.7410778685479111,7.151400000000001,1.1705999999999994,6.370325,7.540925,5.52592,8.178222499999999,5.409,8.8812,0.517296,0.03385087295772444,0.5198,0.05120000000000002,0.491,0.5422,0.45380000000000004,0.58406,0.4424,0.5928,0.0
SC_002,Core,10,50,4.0,Medium,5.0,0.5,0.0,HERA,100,1.0,0.0,1.0,0.0,1.0,1.0,1.0,1.0,1.0,1.0,0.64,0.4824181513244218,1.0,1.0,0.0,1.0,0.0,1.0,0.0,1.0,0.9835555555555555,0.02247221892735886,1.0,0.04444444444444462,0.9555555555555554,1.0,0.9555555555555554,1.0,0.911111111111111,1.0,0.9953939393939395,0.006623395200315111,1.0,0.0121212121212122,0.9878787878787878,1.0,0.9878787878787878,1.0,0.9636363636363636,1.0,0.008222222222222214,0.011236109463679377,0.0,0.0222222222222222,0.0,0.0222222222222222,0.0,0.0222222222222222,0.0,0.0444444444444444,0.0,0.0,0.0,0.0,0.0,0.0,0.0,0.0,0.0,0.0,0.0,0.0,0.0,0.0,0.0,0.0,0.0,0.0,0.0,0.0,0.074,0.1011249851731145,0.0,0.2,0.0,0.2,0.0,0.2,0.0,0.4,0.0,0.0,0.0,0.0,0.0,0.0,0.0,0.0,0.0,0.0,-0.20253600000000002,0.10658852016189657,-0.2104,0.1286,-0.2656,-0.137,-0.43110000000000004,0.019239999999999986,-0.4896,0.0376,0.782328,0.06336116466636947,0.79,0.09160000000000001,0.7352000000000001,0.8268,0.63238,0.90096,0.6232,0.9584,-1.4679659999999999,0.7551792525478888,-1.4596,0.83985,-1.89815,-1.0583,-2.8421025,0.020952499999998472,-3.5518,0.1841,7.008361000000001,0.7410778685479111,7.151400000000001,1.1705999999999994,6.370325,7.540925,5.52592,8.178222499999999,5.409,8.8812,0.517296,0.03385087295772444,0.5198,0.05120000000000002,0.491,0.5422,0.45380000000000004,0.58406,0.4424,0.5928,0.0
SC_002,Core,10,50,4.0,Medium,5.0,0.5,0.0,TOPSIS,100,1.0,0.0,1.0,0.0,1.0,1.0,1.0,1.0,1.0,1.0,0.21,0.40936018074033237,0.0,0.0,0.0,0.0,0.0,1.0,0.0,1.0,0.9391111111111108,0.04919808357912773,0.9555555555555554,0.0444444444444444,0.911111111111111,0.9555555555555554,0.8222222222222221,1.0,0.7777777777777777,1.0,0.9791515151515151,0.021176146852924734,0.9878787878787878,0.0121212121212122,0.9757575757575756,0.9878787878787878,0.9151515151515152,1.0,0.9030303030303028,1.0,0.030444444444444413,0.02459904178956383,0.0222222222222222,0.0222222222222222,0.0222222222222222,0.0444444444444444,0.0,0.0888888888888888,0.0,0.1111111111111111,0.0,0.0,0.0,0.0,0.0,0.0,0.0,0.0,0.0,0.0,0.0,0.0,0.0,0.0,0.0,0.0,0.0,0.0,0.0,0.0,0.264,0.20076620907680331,0.2,0.2,0.2,0.4,0.0,0.7049999999999983,0.0,0.8,0.0,0.0,0.0,0.0,0.0,0.0,0.0,0.0,0.0,0.0,-0.20253600000000002,0.10658852016189657,-0.2104,0.1286,-0.2656,-0.137,-0.43110000000000004,0.019239999999999986,-0.4896,0.0376,0.782328,0.06336116466636947,0.79,0.09160000000000001,0.7352000000000001,0.8268,0.63238,0.90096,0.6232,0.9584,-1.4679659999999999,0.7551792525478888,-1.4596,0.83985,-1.89815,-1.0583,-2.8421025,0.020952499999998472,-3.5518,0.1841,7.008361000000001,0.7410778685479111,7.151400000000001,1.1705999999999994,6.370325,7.540925,5.52592,8.178222499999999,5.409,8.8812,0.517296,0.03385087295772444,0.5198,0.05120000000000002,0.491,0.5422,0.45380000000000004,0.58406,0.4424,0.5928,0.0
SC_002,Core,10,50,4.0,Medium,5.0,0.5,0.0,Wilcoxon-Copeland,100,0.61,0.4902071300001973,1.0,1.0,0.0,1.0,0.0,1.0,0.0,1.0,0.0,0.0,0.0,0.0,0.0,0.0,0.0,0.0,0.0,0.0,0.7408888888888886,0.052112859195479484,0.7333333333333333,0.0888888888888889,0.6888888888888888,0.7777777777777777,0.6444444444444444,0.8222222222222221,0.6,0.8666666666666666,0.8509090909090908,0.040275276915719346,0.8545454545454544,0.039393939393939204,0.8272727272727272,0.8666666666666665,0.7818181818181817,0.9151515151515152,0.7454545454545454,0.9515151515151514,0.12955555555555553,0.026056429597739742,0.1333333333333333,0.0444444444444444,0.1111111111111111,0.1555555555555555,0.0888888888888888,0.1777777777777777,0.0666666666666666,0.2,-0.56,0.7463040244898167,0.0,1.5,-1.5,0.0,-1.5,0.0,-1.5,1.0,0.22,0.4163331998932266,0.0,0.0,0.0,0.0,0.0,1.0,0.0,1.0,1.102,0.19383425180219607,1.1,0.19999999999999996,1.0,1.2,0.8,1.4,0.6,1.6,0.41,0.5522223238420327,0.0,1.0,0.0,1.0,0.0,1.0,0.0,3.0,-0.20253600000000002,0.10658852016189657,-0.2104,0.1286,-0.2656,-0.137,-0.43110000000000004,0.019239999999999986,-0.4896,0.0376,0.782328,0.06336116466636947,0.79,0.09160000000000001,0.7352000000000001,0.8268,0.63238,0.90096,0.6232,0.9584,-1.4679659999999999,0.7551792525478888,-1.4596,0.83985,-1.89815,-1.0583,-2.8421025,0.020952499999998472,-3.5518,0.1841,7.008361000000001,0.7410778685479111,7.151400000000001,1.1705999999999994,6.370325,7.540925,5.52592,8.178222499999999,5.409,8.8812,0.517296,0.03385087295772444,0.5198,0.05120000000000002,0.491,0.5422,0.45380000000000004,0.58406,0.4424,0.5928,0.0
SC_003,Core,10,50,6.0,Medium,5.0,0.5,0.0,Borda,100,0.39,0.4902071300001973,0.0,1.0,0.0,1.0,0.0,1.0,0.0,1.0,0.0,0.0,0.0,0.0,0.0,0.0,0.0,0.0,0.0,0.0,0.5782222222222222,0.09165069751729066,0.5777777777777777,0.1333333333333333,0.5111111111111111,0.6444444444444444,0.3777777777777777,0.7566666666666662,0.3333333333333333,0.7777777777777777,0.7513939393939393,0.08625352906742932,0.7696969696969697,0.10000000000000009,0.709090909090909,0.809090909090909,0.5451515151515152,0.8972727272727271,0.5151515151515151,0.9151515151515152,0.21088888888888882,0.045825348758645336,0.2111111111111111,0.06666666666666671,0.1777777777777777,0.2444444444444444,0.12166666666666665,0.3111111111111111,0.1111111111111111,0.3333333333333333,-0.64,0.913092204400724,-0.75,1.5,-1.5,0.0,-1.5,1.0,-1.5,1.0,0.22,0.4163331998932266,0.0,0.0,0.0,0.0,0.0,1.0,0.0,1.0,1.5860000000000003,0.3130237025910952,1.6,0.40000000000000013,1.4,1.8,1.0,2.2,0.8,2.4,0.84,0.9289942427325926,1.0,1.0,0.0,1.0,0.0,3.0,0.0,4.0,-0.15848,0.10722143612000525,-0.1632,0.16260000000000002,-0.2388,-0.0762,-0.35132,0.0330799999999999,-0.36,0.088,0.609176,0.0866086112311815,0.612,0.1048,0.5584,0.6632,0.43626,0.7674799999999999,0.348,0.792,-1.6985160000000001,1.095686402245025,-1.6199,1.3684000000000003,-2.3348750000000003,-0.966475,-3.725555,0.32046749999999957,-4.0966,0.6256,7.174892999999998,1.1903624889087399,7.0633,1.7428500000000007,6.422775,8.165625,4.89635,9.579744999999997,4.2697,9.9162,0.36327200000000004,0.03473649750026416,0.36219999999999997,0.04150000000000009,0.3402,0.3817,0.29859,0.43166,0.2756,0.4384,0.0
SC_003,Core,10,50,6.0,Medium,5.0,0.5,0.0,HERA,100,1.0,0.0,1.0,0.0,1.0,1.0,1.0,1.0,1.0,1.0,0.34,0.4760952285695233,0.0,1.0,0.0,1.0,0.0,1.0,0.0,1.0,0.9413333333333332,0.05610458230066031,0.9555555555555554,0.08888888888888902,0.911111111111111,1.0,0.8222222222222221,1.0,0.7777777777777777,1.0,0.9772121212121211,0.026200675678971254,0.9878787878787878,0.036363636363636376,0.9636363636363636,1.0,0.9030303030303028,1.0,0.8909090909090909,1.0,0.029333333333333305,0.028052291150330116,0.0222222222222222,0.0444444444444444,0.0,0.0444444444444444,0.0,0.0888888888888888,0.0,0.1111111111111111,0.0,0.0,0.0,0.0,0.0,0.0,0.0,0.0,0.0,0.0,0.0,0.0,0.0,0.0,0.0,0.0,0.0,0.0,0.0,0.0,0.254,0.23588218254120857,0.2,0.4,0.0,0.4,0.0,0.8,0.0,0.8,0.0,0.0,0.0,0.0,0.0,0.0,0.0,0.0,0.0,0.0,-0.15848,0.10722143612000525,-0.1632,0.16260000000000002,-0.2388,-0.0762,-0.35132,0.0330799999999999,-0.36,0.088,0.609176,0.0866086112311815,0.612,0.1048,0.5584,0.6632,0.43626,0.7674799999999999,0.348,0.792,-1.6985160000000001,1.095686402245025,-1.6199,1.3684000000000003,-2.3348750000000003,-0.966475,-3.725555,0.32046749999999957,-4.0966,0.6256,7.174892999999998,1.1903624889087399,7.0633,1.7428500000000007,6.422775,8.165625,4.89635,9.579744999999997,4.2697,9.9162,0.36327200000000004,0.03473649750026416,0.36219999999999997,0.04150000000000009,0.3402,0.3817,0.29859,0.43166,0.2756,0.4384,0.0
SC_003,Core,10,50,6.0,Medium,5.0,0.5,0.0,TOPSIS,100,1.0,0.0,1.0,0.0,1.0,1.0,1.0,1.0,1.0,1.0,0.1,0.30151134457776363,0.0,0.0,0.0,0.0,0.0,1.0,0.0,1.0,0.8924444444444443,0.07317433363298396,0.911111111111111,0.0888888888888888,0.8666666666666666,0.9555555555555554,0.7333333333333333,1.0,0.6888888888888888,1.0,0.9586666666666664,0.0352274282410146,0.9636363636363636,0.036363636363636376,0.9515151515151514,0.9878787878787878,0.8724242424242423,1.0,0.8545454545454544,1.0,0.05377777777777773,0.03658716681649198,0.0444444444444444,0.0444444444444444,0.0222222222222222,0.0666666666666666,0.0,0.1333333333333333,0.0,0.1555555555555555,0.0,0.0,0.0,0.0,0.0,0.0,0.0,0.0,0.0,0.0,0.0,0.0,0.0,0.0,0.0,0.0,0.0,0.0,0.0,0.0,0.4360000000000001,0.276164202362773,0.4,0.39999999999999997,0.2,0.6,0.0,1.0,0.0,1.2,0.0,0.0,0.0,0.0,0.0,0.0,0.0,0.0,0.0,0.0,-0.15848,0.10722143612000525,-0.1632,0.16260000000000002,-0.2388,-0.0762,-0.35132,0.0330799999999999,-0.36,0.088,0.609176,0.0866086112311815,0.612,0.1048,0.5584,0.6632,0.43626,0.7674799999999999,0.348,0.792,-1.6985160000000001,1.095686402245025,-1.6199,1.3684000000000003,-2.3348750000000003,-0.966475,-3.725555,0.32046749999999957,-4.0966,0.6256,7.174892999999998,1.1903624889087399,7.0633,1.7428500000000007,6.422775,8.165625,4.89635,9.579744999999997,4.2697,9.9162,0.36327200000000004,0.03473649750026416,0.36219999999999997,0.04150000000000009,0.3402,0.3817,0.29859,0.43166,0.2756,0.4384,0.0
SC_003,Core,10,50,6.0,Medium,5.0,0.5,0.0,Wilcoxon-Copeland,100,0.61,0.4902071300001973,1.0,1.0,0.0,1.0,0.0,1.0,0.0,1.0,0.0,0.0,0.0,0.0,0.0,0.0,0.0,0.0,0.0,0.0,0.7111111111111108,0.05596927880183205,0.6888888888888888,0.04444444444444451,0.6888888888888888,0.7333333333333333,0.6,0.8222222222222221,0.6,0.8666666666666666,0.8279999999999997,0.04977455178985202,0.812121212121212,0.0636363636363636,0.7939393939393938,0.8575757575757574,0.7448484848484848,0.9151515151515152,0.6969696969696969,0.9515151515151514,0.14444444444444438,0.027984639400916028,0.1555555555555555,0.0222222222222222,0.1333333333333333,0.1555555555555555,0.0888888888888888,0.2,0.0666666666666666,0.2,-0.41,0.7925792188682582,0.0,1.5,-1.5,0.0,-1.5,1.0,-1.5,1.0,0.46,0.5009082659620331,0.0,1.0,0.0,1.0,0.0,1.0,0.0,1.0,1.1960000000000002,0.2088544996407834,1.2,0.3999999999999999,1.0,1.4,0.8,1.6,0.6,1.6,0.53,0.8221061889187953,0.0,1.0,0.0,1.0,0.0,3.0,0.0,3.0,-0.15848,0.10722143612000525,-0.1632,0.16260000000000002,-0.2388,-0.0762,-0.35132,0.0330799999999999,-0.36,0.088,0.609176,0.0866086112311815,0.612,0.1048,0.5584,0.6632,0.43626,0.7674799999999999,0.348,0.792,-1.6985160000000001,1.095686402245025,-1.6199,1.3684000000000003,-2.3348750000000003,-0.966475,-3.725555,0.32046749999999957,-4.0966,0.6256,7.174892999999998,1.1903624889087399,7.0633,1.7428500000000007,6.422775,8.165625,4.89635,9.579744999999997,4.2697,9.9162,0.36327200000000004,0.03473649750026416,0.36219999999999997,0.04150000000000009,0.3402,0.3817,0.29859,0.43166,0.2756,0.4384,0.0
SC_004,Core,10,50,8.0,Medium,5.0,0.5,0.0,Borda,100,0.4,0.49236596391733095,0.0,1.0,0.0,1.0,0.0,1.0,0.0,1.0,0.0,0.0,0.0,0.0,0.0,0.0,0.0,0.0,0.0,0.0,0.5604444444444444,0.09367475364929316,0.5555555555555555,0.1333333333333333,0.5111111111111111,0.6444444444444444,0.39888888888888885,0.7333333333333333,0.3777777777777777,0.7777777777777777,0.7393939393939393,0.08596061565812488,0.7333333333333332,0.1212121212121211,0.6848484848484848,0.8060606060606059,0.5572727272727273,0.8730303030303028,0.5030303030303029,0.9151515151515152,0.2197777777777777,0.04683737682464659,0.2222222222222222,0.06666666666666671,0.1777777777777777,0.2444444444444444,0.1333333333333333,0.30055555555555535,0.1111111111111111,0.3111111111111111,-0.36,1.1504939650586457,0.0,1.5,-1.5,0.0,-1.5,2.5,-1.5,2.5,0.22,0.4163331998932266,0.0,0.0,0.0,0.0,0.0,1.0,0.0,1.0,1.598,0.3308941055547969,1.6,0.40000000000000013,1.4,1.8,1.0,2.2,1.0,2.4,0.97,1.1411052590016455,1.0,1.0,0.0,1.0,0.0,3.5249999999999915,0.0,5.0,-0.09849599999999999,0.11191646408519763,-0.092,0.13379999999999997,-0.1696,-0.0358,-0.30788,0.12379999999999979,-0.3712,0.2784,0.46424800000000005,0.112572257809297,0.4756,0.15999999999999998,0.3816,0.5416,0.23706,0.63764,0.1512,0.7024,-1.381676,1.5642526134905836,-1.425,1.8813,-2.367375,-0.486075,-4.1565,1.520769999999998,-5.3803,4.0961,7.026954000000001,1.758095119260524,7.05945,2.937525,5.672875,8.6104,3.35028,9.755072499999997,2.4076,10.1893,0.26549600000000007,0.032255225620013574,0.2616,0.03869999999999996,0.2455,0.2842,0.21135,0.32669,0.2024,0.3808,0.0
SC_004,Core,10,50,8.0,Medium,5.0,0.5,0.0,HERA,100,0.82,0.3861229196653691,1.0,0.0,1.0,1.0,0.0,1.0,0.0,1.0,0.07,0.2564323999762428,0.0,0.0,0.0,0.0,0.0,1.0,0.0,1.0,0.8648888888888887,0.07116720570933549,0.8666666666666666,0.0888888888888889,0.8222222222222221,0.911111111111111,0.7333333333333333,1.0,0.6888888888888888,1.0,0.9418181818181818,0.04003504600459494,0.9515151515151514,0.06060606060606044,0.9151515151515152,0.9757575757575756,0.8545454545454544,1.0,0.8181818181818182,1.0,0.06755555555555551,0.03558360285466774,0.0666666666666666,0.0444444444444444,0.0444444444444444,0.0888888888888888,0.0,0.1333333333333333,0.0,0.1555555555555555,-0.27,0.5791843794980537,0.0,0.0,0.0,0.0,-1.5,0.0,-1.5,0.0,0.0,0.0,0.0,0.0,0.0,0.0,0.0,0.0,0.0,0.0,0.55,0.26723424446380634,0.6,0.4,0.4,0.8,0.0,1.0,0.0,1.2,0.18,0.38612291966536916,0.0,0.0,0.0,0.0,0.0,1.0,0.0,1.0,-0.09849599999999999,0.11191646408519763,-0.092,0.13379999999999997,-0.1696,-0.0358,-0.30788,0.12379999999999979,-0.3712,0.2784,0.46424800000000005,0.112572257809297,0.4756,0.15999999999999998,0.3816,0.5416,0.23706,0.63764,0.1512,0.7024,-1.381676,1.5642526134905836,-1.425,1.8813,-2.367375,-0.486075,-4.1565,1.520769999999998,-5.3803,4.0961,7.026954000000001,1.758095119260524,7.05945,2.937525,5.672875,8.6104,3.35028,9.755072499999997,2.4076,10.1893,0.26549600000000007,0.032255225620013574,0.2616,0.03869999999999996,0.2455,0.2842,0.21135,0.32669,0.2024,0.3808,0.0
SC_004,Core,10,50,8.0,Medium,5.0,0.5,0.0,TOPSIS,100,1.0,0.0,1.0,0.0,1.0,1.0,1.0,1.0,1.0,1.0,0.05,0.21904291355759034,0.0,0.0,0.0,0.0,0.0,1.0,0.0,1.0,0.8511111111111108,0.07268049374724321,0.8444444444444443,0.0888888888888889,0.8222222222222221,0.911111111111111,0.7333333333333333,1.0,0.6888888888888888,1.0,0.9356363636363636,0.04204897651510279,0.9393939393939392,0.051515151515151514,0.9121212121212121,0.9636363636363636,0.8424242424242423,1.0,0.8181818181818182,1.0,0.07444444444444438,0.036340246873621605,0.0777777777777777,0.0444444444444444,0.0444444444444444,0.0888888888888888,0.0,0.1333333333333333,0.0,0.1555555555555555,0.0,0.0,0.0,0.0,0.0,0.0,0.0,0.0,0.0,0.0,0.0,0.0,0.0,0.0,0.0,0.0,0.0,0.0,0.0,0.0,0.602,0.2748663587118568,0.6,0.4,0.4,0.8,0.0,1.0,0.0,1.2,0.0,0.0,0.0,0.0,0.0,0.0,0.0,0.0,0.0,0.0,-0.09849599999999999,0.11191646408519763,-0.092,0.13379999999999997,-0.1696,-0.0358,-0.30788,0.12379999999999979,-0.3712,0.2784,0.46424800000000005,0.112572257809297,0.4756,0.15999999999999998,0.3816,0.5416,0.23706,0.63764,0.1512,0.7024,-1.381676,1.5642526134905836,-1.425,1.8813,-2.367375,-0.486075,-4.1565,1.520769999999998,-5.3803,4.0961,7.026954000000001,1.758095119260524,7.05945,2.937525,5.672875,8.6104,3.35028,9.755072499999997,2.4076,10.1893,0.26549600000000007,0.032255225620013574,0.2616,0.03869999999999996,0.2455,0.2842,0.21135,0.32669,0.2024,0.3808,0.0
SC_004,Core,10,50,8.0,Medium,5.0,0.5,0.0,Wilcoxon-Copeland,100,0.74,0.44084400227680803,1.0,1.0,0.0,1.0,0.0,1.0,0.0,1.0,0.0,0.0,0.0,0.0,0.0,0.0,0.0,0.0,0.0,0.0,0.6742222222222221,0.07502553915253005,0.6888888888888888,0.0888888888888889,0.6444444444444444,0.7333333333333333,0.5111111111111111,0.8222222222222221,0.4666666666666666,0.8666666666666666,0.7985454545454543,0.06914512503448485,0.7939393939393938,0.08484848484848484,0.7575757575757575,0.8424242424242423,0.6478787878787878,0.9151515151515152,0.6,0.9636363636363636,0.16288888888888883,0.03751276957626504,0.1555555555555555,0.0444444444444444,0.1333333333333333,0.1777777777777777,0.0888888888888888,0.2444444444444444,0.0666666666666666,0.2666666666666666,-0.24,0.6759953379792623,0.0,0.0,0.0,0.0,-1.5,1.0,-1.5,1.0,0.54,0.5009082659620331,1.0,1.0,0.0,1.0,0.0,1.0,0.0,1.0,1.274,0.24230375793848333,1.2,0.19999999999999996,1.2,1.4,0.8,1.6,0.6,1.8,0.38,0.7756391955130694,0.0,1.0,0.0,1.0,0.0,3.0,0.0,3.0,-0.09849599999999999,0.11191646408519763,-0.092,0.13379999999999997,-0.1696,-0.0358,-0.30788,0.12379999999999979,-0.3712,0.2784,0.46424800000000005,0.112572257809297,0.4756,0.15999999999999998,0.3816,0.5416,0.23706,0.63764,0.1512,0.7024,-1.381676,1.5642526134905836,-1.425,1.8813,-2.367375,-0.486075,-4.1565,1.520769999999998,-5.3803,4.0961,7.026954000000001,1.758095119260524,7.05945,2.937525,5.672875,8.6104,3.35028,9.755072499999997,2.4076,10.1893,0.26549600000000007,0.032255225620013574,0.2616,0.03869999999999996,0.2455,0.2842,0.21135,0.32669,0.2024,0.3808,0.0
SC_005,Core,10,50,10.0,Medium,5.0,0.5,0.0,Borda,100,0.38,0.48783173121456336,0.0,1.0,0.0,1.0,0.0,1.0,0.0,1.0,0.0,0.0,0.0,0.0,0.0,0.0,0.0,0.0,0.0,0.0,0.5631111111111111,0.11802168590531638,0.5555555555555555,0.1333333333333333,0.5111111111111111,0.6444444444444444,0.2866666666666666,0.7777777777777777,0.2444444444444444,0.8222222222222221,0.7426666666666664,0.10441078082674615,0.7575757575757575,0.1333333333333333,0.6727272727272726,0.8060606060606059,0.5012121212121211,0.9030303030303028,0.2848484848484848,0.9393939393939392,0.21844444444444439,0.05901084295265819,0.2222222222222222,0.06666666666666671,0.1777777777777777,0.2444444444444444,0.1111111111111111,0.35666666666666624,0.0888888888888888,0.3777777777777777,-0.14,1.2872333498514157,0.0,1.75,-1.5,0.25,-1.5,2.5,-1.5,2.5,0.18,0.38612291966536916,0.0,0.0,0.0,0.0,0.0,1.0,0.0,1.0,1.6,0.3618136134933164,1.6,0.40000000000000013,1.4,1.8,1.0,2.3049999999999984,0.8,3.0,1.06,1.1443316606189613,1.0,1.25,0.0,1.25,0.0,3.5249999999999915,0.0,5.0,-0.080112,0.11478832277921237,-0.0884,0.17900000000000002,-0.1708,0.0082,-0.26630000000000004,0.14557999999999988,-0.38,0.1664,0.3796080000000001,0.09296999372557434,0.3812,0.138,0.31420000000000003,0.4522,0.17664,0.53768,0.1304,0.5456,-1.387699,2.092017141541637,-1.53135,2.87875,-2.944375,-0.065625,-4.9998275,2.4048349999999954,-6.4038,3.7302,7.087809999999998,1.8583849532441994,7.088100000000001,2.8421250000000002,5.6368,8.478925,3.199475,10.274727499999997,2.7366,11.0,0.22231599999999996,0.030679643894526373,0.2228,0.04040000000000002,0.2029,0.2433,0.16590000000000002,0.28256,0.1432,0.3116,0.0
SC_005,Core,10,50,10.0,Medium,5.0,0.5,0.0,HERA,100,0.65,0.4793724854411022,1.0,1.0,0.0,1.0,0.0,1.0,0.0,1.0,0.0,0.0,0.0,0.0,0.0,0.0,0.0,0.0,0.0,0.0,0.8168888888888888,0.07692299250813135,0.8222222222222221,0.0888888888888889,0.7777777777777777,0.8666666666666666,0.6444444444444444,0.934444444444444,0.5555555555555555,0.9555555555555554,0.9174545454545453,0.0511276954187711,0.9272727272727272,0.048484848484848575,0.9030303030303028,0.9515151515151514,0.7818181818181817,0.982121212121212,0.7333333333333332,0.9878787878787878,0.09155555555555547,0.03846149625406569,0.0888888888888888,0.04444444444444451,0.0666666666666666,0.1111111111111111,0.032777777777777746,0.1777777777777777,0.0222222222222222,0.2222222222222222,-0.485,0.7734711214761516,0.0,1.5,-1.5,0.0,-1.5,0.0,-1.5,2.5,0.0,0.0,0.0,0.0,0.0,0.0,0.0,0.0,0.0,0.0,0.7399999999999999,0.26742316936860855,0.8,0.20000000000000007,0.6,0.8,0.29500000000000004,1.2,0.2,1.4,0.36,0.5029207620781756,0.0,1.0,0.0,1.0,0.0,1.0,0.0,2.0,-0.080112,0.11478832277921237,-0.0884,0.17900000000000002,-0.1708,0.0082,-0.26630000000000004,0.14557999999999988,-0.38,0.1664,0.3796080000000001,0.09296999372557434,0.3812,0.138,0.31420000000000003,0.4522,0.17664,0.53768,0.1304,0.5456,-1.387699,2.092017141541637,-1.53135,2.87875,-2.944375,-0.065625,-4.9998275,2.4048349999999954,-6.4038,3.7302,7.087809999999998,1.8583849532441994,7.088100000000001,2.8421250000000002,5.6368,8.478925,3.199475,10.274727499999997,2.7366,11.0,0.22231599999999996,0.030679643894526373,0.2228,0.04040000000000002,0.2029,0.2433,0.16590000000000002,0.28256,0.1432,0.3116,0.0
SC_005,Core,10,50,10.0,Medium,5.0,0.5,0.0,TOPSIS,100,0.98,0.14070529413628968,1.0,0.0,1.0,1.0,1.0,1.0,0.0,1.0,0.02,0.14070529413628968,0.0,0.0,0.0,0.0,0.0,0.0,0.0,1.0,0.8168888888888887,0.0873674507771268,0.8222222222222221,0.0888888888888889,0.7777777777777777,0.8666666666666666,0.6444444444444444,0.9555555555555554,0.5555555555555555,1.0,0.9147878787878788,0.058232173903156464,0.9272727272727272,0.09696969696969715,0.8666666666666665,0.9636363636363636,0.7748484848484848,0.9878787878787878,0.709090909090909,1.0,0.0915555555555555,0.04368372538856341,0.0888888888888888,0.04444444444444451,0.0666666666666666,0.1111111111111111,0.0222222222222222,0.1777777777777777,0.0,0.2222222222222222,-0.03,0.21105794120443452,0.0,0.0,0.0,0.0,0.0,0.0,-1.5,0.0,0.0,0.0,0.0,0.0,0.0,0.0,0.0,0.0,0.0,0.0,0.7359999999999998,0.32146130986072613,0.8,0.4,0.6,1.0,0.2,1.4,0.0,1.4,0.02,0.14070529413628968,0.0,0.0,0.0,0.0,0.0,0.0,0.0,1.0,-0.080112,0.11478832277921237,-0.0884,0.17900000000000002,-0.1708,0.0082,-0.26630000000000004,0.14557999999999988,-0.38,0.1664,0.3796080000000001,0.09296999372557434,0.3812,0.138,0.31420000000000003,0.4522,0.17664,0.53768,0.1304,0.5456,-1.387699,2.092017141541637,-1.53135,2.87875,-2.944375,-0.065625,-4.9998275,2.4048349999999954,-6.4038,3.7302,7.087809999999998,1.8583849532441994,7.088100000000001,2.8421250000000002,5.6368,8.478925,3.199475,10.274727499999997,2.7366,11.0,0.22231599999999996,0.030679643894526373,0.2228,0.04040000000000002,0.2029,0.2433,0.16590000000000002,0.28256,0.1432,0.3116,0.0
SC_005,Core,10,50,10.0,Medium,5.0,0.5,0.0,Wilcoxon-Copeland,100,0.8,0.4020151261036849,1.0,0.0,1.0,1.0,0.0,1.0,0.0,1.0,0.0,0.0,0.0,0.0,0.0,0.0,0.0,0.0,0.0,0.0,0.6386666666666666,0.09697353153660349,0.6444444444444444,0.0888888888888888,0.6,0.6888888888888888,0.41999999999999993,0.8011111111111107,0.2888888888888888,0.8222222222222221,0.7658181818181817,0.09425146383400942,0.7818181818181817,0.12121212121212122,0.709090909090909,0.8303030303030302,0.5515151515151515,0.8909090909090909,0.4545454545454545,0.9515151515151514,0.1806666666666666,0.048486765768301764,0.1777777777777777,0.04444444444444451,0.1555555555555555,0.2,0.09944444444444439,0.2899999999999996,0.0888888888888888,0.3555555555555555,-0.12,0.6857864319910613,0.0,0.0,0.0,0.0,-1.5,1.0,-1.5,2.5,0.52,0.5021167315686782,1.0,1.0,0.0,1.0,0.0,1.0,0.0,1.0,1.3600000000000003,0.31526804372460493,1.4,0.40000000000000013,1.2,1.6,0.8,2.0,0.8,2.4,0.3,0.7035264706814485,0.0,0.0,0.0,0.0,0.0,3.0,0.0,3.0,-0.080112,0.11478832277921237,-0.0884,0.17900000000000002,-0.1708,0.0082,-0.26630000000000004,0.14557999999999988,-0.38,0.1664,0.3796080000000001,0.09296999372557434,0.3812,0.138,0.31420000000000003,0.4522,0.17664,0.53768,0.1304,0.5456,-1.387699,2.092017141541637,-1.53135,2.87875,-2.944375,-0.065625,-4.9998275,2.4048349999999954,-6.4038,3.7302,7.087809999999998,1.8583849532441994,7.088100000000001,2.8421250000000002,5.6368,8.478925,3.199475,10.274727499999997,2.7366,11.0,0.22231599999999996,0.030679643894526373,0.2228,0.04040000000000002,0.2029,0.2433,0.16590000000000002,0.28256,0.1432,0.3116,0.0
SC_006,Core,12,50,2.0,Medium,5.0,0.5,0.0,Borda,100,0.44,0.4988876515698589,0.0,1.0,0.0,1.0,0.0,1.0,0.0,1.0,0.0,0.0,0.0,0.0,0.0,0.0,0.0,0.0,0.0,0.0,0.5769696969696969,0.07952610285399903,0.5757575757575757,0.1212121212121211,0.5151515151515151,0.6363636363636362,0.4242424242424242,0.7272727272727272,0.3636363636363636,0.7575757575757575,0.746853146853147,0.06766845055682225,0.7517482517482519,0.08391608391608396,0.7062937062937064,0.7902097902097903,0.6040209790209791,0.8568181818181818,0.4685314685314686,0.8881118881118882,0.2115151515151515,0.039763051426999534,0.2121212121212121,0.06060606060606061,0.1818181818181818,0.2424242424242424,0.1363636363636363,0.2878787878787879,0.1212121212121212,0.3181818181818182,-0.5,0.9534625892455924,0.0,1.5,-1.5,0.0,-1.5,1.0,-1.5,2.5,0.41,0.4943110704237103,0.0,1.0,0.0,1.0,0.0,1.0,0.0,1.0,1.8399999999999994,0.33910822509594435,1.8333333333333333,0.33333333333333326,1.6666666666666667,2.0,1.2458333333333333,2.420833333333332,1.1666666666666667,3.0,0.82,0.9783515304693488,1.0,1.0,0.0,1.0,0.0,3.0,0.0,4.0,-0.39952800000000005,0.09711874027772041,-0.39080000000000004,0.1346,-0.4656,-0.331,-0.56226,-0.1970600000000006,-0.6824,-0.1416,0.9888720000000001,0.00997068511267714,0.992,0.01200000000000001,0.984,0.996,0.96704,1.0,0.9392,1.0,-1.4800719999999998,0.3743277762290232,-1.46675,0.51085,-1.736025,-1.225175,-2.1843825,-0.7846800000000003,-2.6281,-0.5921,7.105726999999998,0.3809578750950946,7.09995,0.44132499999999997,6.900675000000001,7.3420000000000005,6.348285000000001,7.8061425,6.0885,7.9209,0.82924,0.018759552448840772,0.8282,0.028099999999999903,0.8152,0.8432999999999999,0.79874,0.86381,0.7804,0.8712,0.0
SC_006,Core,12,50,2.0,Medium,5.0,0.5,0.0,HERA,100,1.0,0.0,1.0,0.0,1.0,1.0,1.0,1.0,1.0,1.0,0.75,0.4351941398892446,1.0,0.25,0.75,1.0,0.0,1.0,0.0,1.0,0.9869696969696968,0.03906291188761704,0.9999999999999998,0.007575757575757569,0.9924242424242422,0.9999999999999998,0.9219696969696969,0.9999999999999998,0.7272727272727272,0.9999999999999998,0.9951748251748253,0.02026510057535122,1.0,0.0017482517482516613,0.9982517482517483,1.0,0.9709790209790211,1.0,0.8461538461538463,1.0,0.006515151515151504,0.019531455943808528,0.0,0.003787878787878775,0.0,0.003787878787878775,0.0,0.0390151515151511,0.0,0.1363636363636363,0.0,0.0,0.0,0.0,0.0,0.0,0.0,0.0,0.0,0.0,0.0,0.0,0.0,0.0,0.0,0.0,0.0,0.0,0.0,0.0,0.061666666666666654,0.15830010283926715,0.0,0.04166666666666665,0.0,0.04166666666666665,0.0,0.3416666666666638,0.0,1.0,0.0,0.0,0.0,0.0,0.0,0.0,0.0,0.0,0.0,0.0,-0.39952800000000005,0.09711874027772041,-0.39080000000000004,0.1346,-0.4656,-0.331,-0.56226,-0.1970600000000006,-0.6824,-0.1416,0.9888720000000001,0.00997068511267714,0.992,0.01200000000000001,0.984,0.996,0.96704,1.0,0.9392,1.0,-1.4800719999999998,0.3743277762290232,-1.46675,0.51085,-1.736025,-1.225175,-2.1843825,-0.7846800000000003,-2.6281,-0.5921,7.105726999999998,0.3809578750950946,7.09995,0.44132499999999997,6.900675000000001,7.3420000000000005,6.348285000000001,7.8061425,6.0885,7.9209,0.82924,0.018759552448840772,0.8282,0.028099999999999903,0.8152,0.8432999999999999,0.79874,0.86381,0.7804,0.8712,0.0
SC_006,Core,12,50,2.0,Medium,5.0,0.5,0.0,TOPSIS,100,1.0,0.0,1.0,0.0,1.0,1.0,1.0,1.0,1.0,1.0,0.46,0.5009082659620331,0.0,1.0,0.0,1.0,0.0,1.0,0.0,1.0,0.9790909090909088,0.023072070771298785,0.9696969696969696,0.030303030303030165,0.9696969696969696,0.9999999999999998,0.9393939393939392,0.9999999999999998,0.8787878787878787,0.9999999999999998,0.9947552447552448,0.00691308428828079,0.9930069930069932,0.006993006993006756,0.9930069930069932,1.0,0.9790209790209792,1.0,0.9510489510489512,1.0,0.010454545454545433,0.011536035385649403,0.0151515151515151,0.0151515151515151,0.0,0.0151515151515151,0.0,0.0303030303030303,0.0,0.0606060606060606,0.0,0.0,0.0,0.0,0.0,0.0,0.0,0.0,0.0,0.0,0.0,0.0,0.0,0.0,0.0,0.0,0.0,0.0,0.0,0.0,0.11499999999999995,0.12689638924214353,0.1666666666666666,0.1666666666666666,0.0,0.1666666666666666,0.0,0.3333333333333333,0.0,0.6666666666666666,0.0,0.0,0.0,0.0,0.0,0.0,0.0,0.0,0.0,0.0,-0.39952800000000005,0.09711874027772041,-0.39080000000000004,0.1346,-0.4656,-0.331,-0.56226,-0.1970600000000006,-0.6824,-0.1416,0.9888720000000001,0.00997068511267714,0.992,0.01200000000000001,0.984,0.996,0.96704,1.0,0.9392,1.0,-1.4800719999999998,0.3743277762290232,-1.46675,0.51085,-1.736025,-1.225175,-2.1843825,-0.7846800000000003,-2.6281,-0.5921,7.105726999999998,0.3809578750950946,7.09995,0.44132499999999997,6.900675000000001,7.3420000000000005,6.348285000000001,7.8061425,6.0885,7.9209,0.82924,0.018759552448840772,0.8282,0.028099999999999903,0.8152,0.8432999999999999,0.79874,0.86381,0.7804,0.8712,0.0
SC_006,Core,12,50,2.0,Medium,5.0,0.5,0.0,Wilcoxon-Copeland,100,0.68,0.4688261722621507,1.0,1.0,0.0,1.0,0.0,1.0,0.0,1.0,0.0,0.0,0.0,0.0,0.0,0.0,0.0,0.0,0.0,0.0,0.7669696969696967,0.03517467546021743,0.7878787878787877,0.030303030303030276,0.7575757575757575,0.7878787878787877,0.6969696969696969,0.8181818181818181,0.606060606060606,0.8181818181818181,0.8472727272727273,0.022833008584966022,0.8461538461538463,0.006993006993006978,0.8391608391608393,0.8461538461538463,0.8034965034965036,0.8881118881118882,0.7552447552447553,0.8881118881118882,0.11651515151515143,0.017587337730108725,0.106060606060606,0.015151515151515207,0.106060606060606,0.1212121212121212,0.0909090909090909,0.1515151515151515,0.0909090909090909,0.1969696969696969,-0.48,0.7032392583932261,0.0,1.5,-1.5,0.0,-1.5,0.0,-1.5,0.0,0.77,0.4229525846816507,1.0,0.0,1.0,1.0,0.0,1.0,0.0,1.0,1.1966666666666668,0.11696690563826308,1.1666666666666667,0.16666666666666652,1.1666666666666667,1.3333333333333333,1.0,1.4208333333333318,1.0,1.5,0.32,0.4688261722621506,0.0,1.0,0.0,1.0,0.0,1.0,0.0,1.0,-0.39952800000000005,0.09711874027772041,-0.39080000000000004,0.1346,-0.4656,-0.331,-0.56226,-0.1970600000000006,-0.6824,-0.1416,0.9888720000000001,0.00997068511267714,0.992,0.01200000000000001,0.984,0.996,0.96704,1.0,0.9392,1.0,-1.4800719999999998,0.3743277762290232,-1.46675,0.51085,-1.736025,-1.225175,-2.1843825,-0.7846800000000003,-2.6281,-0.5921,7.105726999999998,0.3809578750950946,7.09995,0.44132499999999997,6.900675000000001,7.3420000000000005,6.348285000000001,7.8061425,6.0885,7.9209,0.82924,0.018759552448840772,0.8282,0.028099999999999903,0.8152,0.8432999999999999,0.79874,0.86381,0.7804,0.8712,0.0
SC_007,Core,12,50,4.0,Medium,5.0,0.5,0.0,Borda,100,0.38,0.4878317312145634,0.0,1.0,0.0,1.0,0.0,1.0,0.0,1.0,0.0,0.0,0.0,0.0,0.0,0.0,0.0,0.0,0.0,0.0,0.5845454545454545,0.10020755561001282,0.5757575757575757,0.1212121212121211,0.5151515151515151,0.6363636363636362,0.3939393939393938,0.7734848484848481,0.3333333333333333,0.7878787878787877,0.7505594405594407,0.07893591947959948,0.7482517482517484,0.11363636363636354,0.6975524475524477,0.8111888111888113,0.5940559440559441,0.8917832167832168,0.4825174825174825,0.9020979020979022,0.20772727272727265,0.050103777805006425,0.2121212121212121,0.06060606060606061,0.1818181818181818,0.2424242424242424,0.11325757575757572,0.303030303030303,0.106060606060606,0.3333333333333333,-0.465,1.0081861901153943,0.0,1.5,-1.5,0.0,-1.5,1.0,-1.5,2.5,0.41,0.4943110704237103,0.0,1.0,0.0,1.0,0.0,1.0,0.0,1.0,1.835,0.3749261057011787,1.8333333333333333,0.5416666666666665,1.625,2.1666666666666665,1.1666666666666667,2.5874999999999986,1.0,2.6666666666666665,0.99,1.0870681541270406,1.0,1.0,0.0,1.0,0.0,3.0,0.0,4.0,-0.204256,0.11476246202878836,-0.2052,0.15340000000000004,-0.2836,-0.13019999999999998,-0.44436,-0.022840000000000124,-0.4672,0.132,0.7855840000000001,0.060463179746441595,0.7876000000000001,0.0736,0.7484,0.822,0.65906,0.8813,0.6064,0.9384,-1.427772,0.8178464733405383,-1.4113,1.14935,-2.0042,-0.85485,-3.14142,-0.0483700000000014,-3.4436,0.7112,7.1135009999999985,0.8310623408887172,7.1095500000000005,1.1816499999999994,6.47475,7.6564,5.7488225,8.9682125,5.4457,9.8953,0.49528800000000006,0.03078593828291734,0.494,0.03609999999999991,0.4764,0.5125,0.43447,0.5524299999999999,0.4088,0.564,0.0
SC_007,Core,12,50,4.0,Medium,5.0,0.5,0.0,HERA,100,1.0,0.0,1.0,0.0,1.0,1.0,1.0,1.0,1.0,1.0,0.51,0.5024183937956914,1.0,1.0,0.0,1.0,0.0,1.0,0.0,1.0,0.9796969696969694,0.0330987656206531,0.9999999999999998,0.030303030303030165,0.9696969696969696,0.9999999999999998,0.9234848484848484,0.9999999999999998,0.7272727272727272,0.9999999999999998,0.9937762237762238,0.01932177123789368,1.0,0.006993006993006756,0.9930069930069932,1.0,0.9753496503496504,1.0,0.8111888111888113,1.0,0.010151515151515128,0.01654938281032656,0.0,0.0151515151515151,0.0,0.0151515151515151,0.0,0.0382575757575756,0.0,0.1363636363636363,0.0,0.0,0.0,0.0,0.0,0.0,0.0,0.0,0.0,0.0,0.0,0.0,0.0,0.0,0.0,0.0,0.0,0.0,0.0,0.0,0.10499999999999994,0.14342100521280485,0.0,0.1666666666666666,0.0,0.1666666666666666,0.0,0.3333333333333333,0.0,1.0,0.0,0.0,0.0,0.0,0.0,0.0,0.0,0.0,0.0,0.0,-0.204256,0.11476246202878836,-0.2052,0.15340000000000004,-0.2836,-0.13019999999999998,-0.44436,-0.022840000000000124,-0.4672,0.132,0.7855840000000001,0.060463179746441595,0.7876000000000001,0.0736,0.7484,0.822,0.65906,0.8813,0.6064,0.9384,-1.427772,0.8178464733405383,-1.4113,1.14935,-2.0042,-0.85485,-3.14142,-0.0483700000000014,-3.4436,0.7112,7.1135009999999985,0.8310623408887172,7.1095500000000005,1.1816499999999994,6.47475,7.6564,5.7488225,8.9682125,5.4457,9.8953,0.49528800000000006,0.03078593828291734,0.494,0.03609999999999991,0.4764,0.5125,0.43447,0.5524299999999999,0.4088,0.564,0.0
SC_007,Core,12,50,4.0,Medium,5.0,0.5,0.0,TOPSIS,100,1.0,0.0,1.0,0.0,1.0,1.0,1.0,1.0,1.0,1.0,0.06,0.23868325657594203,0.0,0.0,0.0,0.0,0.0,1.0,0.0,1.0,0.9154545454545453,0.049912966520148004,0.909090909090909,0.06060606060606055,0.8787878787878787,0.9393939393939392,0.7878787878787877,0.9999999999999998,0.7575757575757575,0.9999999999999998,0.9729370629370628,0.02107662538935696,0.972027972027972,0.020979020979021157,0.965034965034965,0.9860139860139862,0.9194055944055947,1.0,0.8881118881118882,1.0,0.04227272727272723,0.024956483260074006,0.0454545454545454,0.0303030303030303,0.0303030303030303,0.0606060606060606,0.0,0.106060606060606,0.0,0.1212121212121212,0.0,0.0,0.0,0.0,0.0,0.0,0.0,0.0,0.0,0.0,0.0,0.0,0.0,0.0,0.0,0.0,0.0,0.0,0.0,0.0,0.4266666666666668,0.2336938052512189,0.41666666666666663,0.16666666666666669,0.3333333333333333,0.5,0.0,0.8333333333333334,0.0,1.1666666666666667,0.0,0.0,0.0,0.0,0.0,0.0,0.0,0.0,0.0,0.0,-0.204256,0.11476246202878836,-0.2052,0.15340000000000004,-0.2836,-0.13019999999999998,-0.44436,-0.022840000000000124,-0.4672,0.132,0.7855840000000001,0.060463179746441595,0.7876000000000001,0.0736,0.7484,0.822,0.65906,0.8813,0.6064,0.9384,-1.427772,0.8178464733405383,-1.4113,1.14935,-2.0042,-0.85485,-3.14142,-0.0483700000000014,-3.4436,0.7112,7.1135009999999985,0.8310623408887172,7.1095500000000005,1.1816499999999994,6.47475,7.6564,5.7488225,8.9682125,5.4457,9.8953,0.49528800000000006,0.03078593828291734,0.494,0.03609999999999991,0.4764,0.5125,0.43447,0.5524299999999999,0.4088,0.564,0.0
SC_007,Core,12,50,4.0,Medium,5.0,0.5,0.0,Wilcoxon-Copeland,100,0.63,0.4852365870939097,1.0,1.0,0.0,1.0,0.0,1.0,0.0,1.0,0.0,0.0,0.0,0.0,0.0,0.0,0.0,0.0,0.0,0.0,0.7454545454545455,0.045784943479588266,0.7575757575757575,0.06060606060606055,0.7272727272727272,0.7878787878787877,0.6363636363636362,0.8181818181818181,0.606060606060606,0.8181818181818181,0.8386013986013987,0.0336868880139235,0.8391608391608393,0.036713286713286664,0.8251748251748254,0.861888111888112,0.7725524475524477,0.8951048951048951,0.7552447552447553,0.9090909090909092,0.1272727272727272,0.022892471739794137,0.1212121212121212,0.030303030303030304,0.106060606060606,0.1363636363636363,0.0909090909090909,0.1818181818181818,0.0909090909090909,0.1969696969696969,-0.53,0.7379332317665701,0.0,1.5,-1.5,0.0,-1.5,0.0,-1.5,1.0,0.7,0.4605661864718382,1.0,1.0,0.0,1.0,0.0,1.0,0.0,1.0,1.2600000000000002,0.16466815250355418,1.1666666666666667,0.16666666666666652,1.1666666666666667,1.3333333333333333,1.0,1.5874999999999986,1.0,1.6666666666666667,0.39,0.5485518124198396,0.0,1.0,0.0,1.0,0.0,1.0,0.0,3.0,-0.204256,0.11476246202878836,-0.2052,0.15340000000000004,-0.2836,-0.13019999999999998,-0.44436,-0.022840000000000124,-0.4672,0.132,0.7855840000000001,0.060463179746441595,0.7876000000000001,0.0736,0.7484,0.822,0.65906,0.8813,0.6064,0.9384,-1.427772,0.8178464733405383,-1.4113,1.14935,-2.0042,-0.85485,-3.14142,-0.0483700000000014,-3.4436,0.7112,7.1135009999999985,0.8310623408887172,7.1095500000000005,1.1816499999999994,6.47475,7.6564,5.7488225,8.9682125,5.4457,9.8953,0.49528800000000006,0.03078593828291734,0.494,0.03609999999999991,0.4764,0.5125,0.43447,0.5524299999999999,0.4088,0.564,0.0
SC_008,Core,12,50,6.0,Medium,5.0,0.5,0.0,Borda,100,0.41,0.4943110704237103,0.0,1.0,0.0,1.0,0.0,1.0,0.0,1.0,0.0,0.0,0.0,0.0,0.0,0.0,0.0,0.0,0.0,0.0,0.5506060606060605,0.09258279715557358,0.5757575757575757,0.12121212121212116,0.4848484848484848,0.606060606060606,0.3636363636363636,0.6969696969696969,0.303030303030303,0.7878787878787877,0.7297902097902099,0.08165782486436626,0.7447552447552449,0.1048951048951049,0.6853146853146854,0.7902097902097903,0.5333916083916085,0.8498251748251748,0.4825174825174825,0.9160839160839164,0.22469696969696965,0.04629139857778681,0.2121212121212121,0.06060606060606061,0.1969696969696969,0.2575757575757575,0.1515151515151515,0.3181818181818182,0.106060606060606,0.3484848484848485,-0.24170000000000003,1.2136721596506659,0.0,1.5,-1.5,0.0,-1.5,2.5,-1.5,3.8299999999999983,0.46,0.5009082659620331,0.0,1.0,0.0,1.0,0.0,1.0,0.0,1.0,1.8899999999999997,0.37621482985691146,1.8333333333333333,0.4999999999999998,1.6666666666666667,2.1666666666666665,1.3333333333333333,2.5874999999999986,0.8333333333333334,2.8333333333333335,1.02,1.222516034473763,1.0,1.0,0.0,1.0,0.0,3.5249999999999915,0.0,6.0,-0.14003200000000002,0.10891532331368829,-0.1396,0.1582,-0.2188,-0.0606,-0.33044,0.051019999999999927,-0.404,0.1176,0.597376,0.08868596408825145,0.5888,0.12739999999999996,0.5369999999999999,0.6644,0.42812,0.7547999999999998,0.368,0.8152,-1.487712,1.1220472707664073,-1.4461,1.7216750000000003,-2.3581000000000003,-0.636425,-3.65967,0.3183099999999984,-4.0552,0.9013,7.080085,1.0620065135502854,7.0166,1.5117250000000002,6.408975,7.9207,5.037625,8.612625,4.2669,10.7573,0.337376,0.028319351701761832,0.33499999999999996,0.03810000000000002,0.3188,0.3569,0.28416,0.39127999999999996,0.2684,0.4016,0.0
SC_008,Core,12,50,6.0,Medium,5.0,0.5,0.0,HERA,100,0.99,0.09999999999999999,1.0,0.0,1.0,1.0,1.0,1.0,0.0,1.0,0.13,0.33799766898963113,0.0,0.0,0.0,0.0,0.0,1.0,0.0,1.0,0.9345454545454542,0.054603241164799664,0.9393939393939392,0.06060606060606066,0.909090909090909,0.9696969696969696,0.8181818181818181,0.9999999999999998,0.6363636363636362,0.9999999999999998,0.9781818181818182,0.025771307847152033,0.9860139860139862,0.020979020979021268,0.972027972027972,0.9930069930069932,0.9300699300699302,1.0,0.7972027972027973,1.0,0.032727272727272695,0.027301620582399842,0.0303030303030303,0.0303030303030303,0.0151515151515151,0.0454545454545454,0.0,0.0909090909090909,0.0,0.1818181818181818,-0.015,0.14999999999999997,0.0,0.0,0.0,0.0,0.0,0.0,-1.5,0.0,0.0,0.0,0.0,0.0,0.0,0.0,0.0,0.0,0.0,0.0,0.33666666666666667,0.2415577950515536,0.3333333333333333,0.33333333333333337,0.1666666666666666,0.5,0.0,0.8333333333333334,0.0,1.3333333333333333,0.01,0.09999999999999999,0.0,0.0,0.0,0.0,0.0,0.0,0.0,1.0,-0.14003200000000002,0.10891532331368829,-0.1396,0.1582,-0.2188,-0.0606,-0.33044,0.051019999999999927,-0.404,0.1176,0.597376,0.08868596408825145,0.5888,0.12739999999999996,0.5369999999999999,0.6644,0.42812,0.7547999999999998,0.368,0.8152,-1.487712,1.1220472707664073,-1.4461,1.7216750000000003,-2.3581000000000003,-0.636425,-3.65967,0.3183099999999984,-4.0552,0.9013,7.080085,1.0620065135502854,7.0166,1.5117250000000002,6.408975,7.9207,5.037625,8.612625,4.2669,10.7573,0.337376,0.028319351701761832,0.33499999999999996,0.03810000000000002,0.3188,0.3569,0.28416,0.39127999999999996,0.2684,0.4016,0.0
SC_008,Core,12,50,6.0,Medium,5.0,0.5,0.0,TOPSIS,100,1.0,0.0,1.0,0.0,1.0,1.0,1.0,1.0,1.0,1.0,0.0,0.0,0.0,0.0,0.0,0.0,0.0,0.0,0.0,0.0,0.8560606060606059,0.06869429549866383,0.8484848484848484,0.09090909090909083,0.8181818181818181,0.909090909090909,0.6969696969696969,0.9696969696969696,0.606060606060606,0.9696969696969696,0.9411188811188812,0.040437470209178226,0.9510489510489512,0.04895104895104874,0.9230769230769232,0.972027972027972,0.8461538461538463,0.9930069930069932,0.7832167832167832,0.9930069930069932,0.07196969696969693,0.034347147749331924,0.0757575757575757,0.0454545454545455,0.0454545454545454,0.0909090909090909,0.0151515151515151,0.1515151515151515,0.0151515151515151,0.1969696969696969,0.0,0.0,0.0,0.0,0.0,0.0,0.0,0.0,0.0,0.0,0.0,0.0,0.0,0.0,0.0,0.0,0.0,0.0,0.0,0.0,0.6883333333333332,0.2728399505356672,0.6666666666666666,0.33333333333333337,0.5,0.8333333333333334,0.1666666666666666,1.1666666666666667,0.1666666666666666,1.5,0.0,0.0,0.0,0.0,0.0,0.0,0.0,0.0,0.0,0.0,-0.14003200000000002,0.10891532331368829,-0.1396,0.1582,-0.2188,-0.0606,-0.33044,0.051019999999999927,-0.404,0.1176,0.597376,0.08868596408825145,0.5888,0.12739999999999996,0.5369999999999999,0.6644,0.42812,0.7547999999999998,0.368,0.8152,-1.487712,1.1220472707664073,-1.4461,1.7216750000000003,-2.3581000000000003,-0.636425,-3.65967,0.3183099999999984,-4.0552,0.9013,7.080085,1.0620065135502854,7.0166,1.5117250000000002,6.408975,7.9207,5.037625,8.612625,4.2669,10.7573,0.337376,0.028319351701761832,0.33499999999999996,0.03810000000000002,0.3188,0.3569,0.28416,0.39127999999999996,0.2684,0.4016,0.0
SC_008,Core,12,50,6.0,Medium,5.0,0.5,0.0,Wilcoxon-Copeland,100,0.68,0.4688261722621507,1.0,1.0,0.0,1.0,0.0,1.0,0.0,1.0,0.0,0.0,0.0,0.0,0.0,0.0,0.0,0.0,0.0,0.0,0.726060606060606,0.04617227454096937,0.7272727272727272,0.06060606060606055,0.6969696969696969,0.7575757575757575,0.6363636363636362,0.7878787878787877,0.5757575757575757,0.8484848484848484,0.8223776223776224,0.04137715673203507,0.8251748251748254,0.05594405594405594,0.7902097902097903,0.8461538461538463,0.7412587412587414,0.8951048951048951,0.7272727272727274,0.9160839160839164,0.1369696969696969,0.023086137270484693,0.1363636363636363,0.03030303030303029,0.1212121212121212,0.1515151515151515,0.106060606060606,0.1818181818181818,0.0757575757575757,0.2121212121212121,-0.355,0.7326960040449478,0.0,1.5,-1.5,0.0,-1.5,1.0,-1.5,1.0,0.75,0.4351941398892446,1.0,0.25,0.75,1.0,0.0,1.0,0.0,1.0,1.3149999999999997,0.2090744394040582,1.3333333333333333,0.33333333333333326,1.1666666666666667,1.5,1.0,1.8333333333333333,0.8333333333333334,2.0,0.42,0.7410066862659939,0.0,1.0,0.0,1.0,0.0,3.0,0.0,3.0,-0.14003200000000002,0.10891532331368829,-0.1396,0.1582,-0.2188,-0.0606,-0.33044,0.051019999999999927,-0.404,0.1176,0.597376,0.08868596408825145,0.5888,0.12739999999999996,0.5369999999999999,0.6644,0.42812,0.7547999999999998,0.368,0.8152,-1.487712,1.1220472707664073,-1.4461,1.7216750000000003,-2.3581000000000003,-0.636425,-3.65967,0.3183099999999984,-4.0552,0.9013,7.080085,1.0620065135502854,7.0166,1.5117250000000002,6.408975,7.9207,5.037625,8.612625,4.2669,10.7573,0.337376,0.028319351701761832,0.33499999999999996,0.03810000000000002,0.3188,0.3569,0.28416,0.39127999999999996,0.2684,0.4016,0.0
SC_009,Core,12,50,8.0,Medium,5.0,0.5,0.0,Borda,100,0.45,0.5,0.0,1.0,0.0,1.0,0.0,1.0,0.0,1.0,0.0,0.0,0.0,0.0,0.0,0.0,0.0,0.0,0.0,0.0,0.5442424242424242,0.09095193358399503,0.5454545454545454,0.12121212121212116,0.4848484848484848,0.606060606060606,0.3939393939393938,0.6666666666666666,0.303030303030303,0.7575757575757575,0.7166433566433568,0.0832926382925574,0.7307692307692308,0.12062937062937062,0.6625874125874126,0.7832167832167832,0.5520979020979022,0.8358391608391609,0.5174825174825175,0.8741258741258742,0.22787878787878785,0.04547596679199754,0.2272727272727272,0.06060606060606061,0.1969696969696969,0.2575757575757575,0.1666666666666666,0.303030303030303,0.1212121212121212,0.3484848484848485,-0.38,1.0301515040090565,0.0,1.5,-1.5,0.0,-1.5,1.7874999999999872,-1.5,2.5,0.49,0.5024183937956914,0.0,1.0,0.0,1.0,0.0,1.0,0.0,1.0,1.968333333333333,0.36522136331268684,1.9166666666666665,0.5416666666666667,1.6666666666666667,2.208333333333333,1.3333333333333333,2.6666666666666665,1.0,2.6666666666666665,0.86,1.0446593374460074,1.0,1.0,0.0,1.0,0.0,3.0,0.0,4.0,-0.09702399999999999,0.11604756001682494,-0.0944,0.14700000000000002,-0.17880000000000001,-0.031799999999999995,-0.29738000000000003,0.17379999999999993,-0.3152,0.2528,0.46368000000000004,0.09655877782862403,0.4748,0.12519999999999992,0.4014,0.5266,0.28756,0.6142199999999999,0.2192,0.7144,-1.3227340000000003,1.6218729532266332,-1.27065,2.3334,-2.6745,-0.34109999999999996,-4.292222499999999,2.547507499999998,-4.7983,3.2494,7.014779000000001,1.5547010086580064,7.0116499999999995,2.2215999999999987,5.9054,8.126999999999999,3.95782,9.73352,3.2341,10.5777,0.265648,0.027655326189843916,0.268,0.038400000000000045,0.2455,0.2839,0.21619,0.31611999999999996,0.202,0.3232,0.0
SC_009,Core,12,50,8.0,Medium,5.0,0.5,0.0,HERA,100,0.82,0.3861229196653691,1.0,0.0,1.0,1.0,0.0,1.0,0.0,1.0,0.02,0.14070529413628968,0.0,0.0,0.0,0.0,0.0,0.0,0.0,1.0,0.8787878787878785,0.05858269203943645,0.8787878787878787,0.09090909090909083,0.8181818181818181,0.909090909090909,0.7878787878787877,0.9696969696969696,0.7272727272727272,0.9999999999999998,0.9570629370629372,0.027147922352523366,0.965034965034965,0.04195804195804198,0.9370629370629372,0.9790209790209792,0.9090909090909092,0.9930069930069932,0.8671328671328673,1.0,0.06060606060606056,0.029291346019718233,0.0606060606060606,0.0454545454545455,0.0454545454545454,0.0909090909090909,0.0151515151515151,0.106060606060606,0.0,0.1363636363636363,-0.27,0.5791843794980537,0.0,0.0,0.0,0.0,-1.5,0.0,-1.5,0.0,0.0,0.0,0.0,0.0,0.0,0.0,0.0,0.0,0.0,0.0,0.6066666666666667,0.27372805530376604,0.6666666666666666,0.33333333333333337,0.5,0.8333333333333334,0.1666666666666666,1.1666666666666667,0.0,1.1666666666666667,0.18,0.38612291966536916,0.0,0.0,0.0,0.0,0.0,1.0,0.0,1.0,-0.09702399999999999,0.11604756001682494,-0.0944,0.14700000000000002,-0.17880000000000001,-0.031799999999999995,-0.29738000000000003,0.17379999999999993,-0.3152,0.2528,0.46368000000000004,0.09655877782862403,0.4748,0.12519999999999992,0.4014,0.5266,0.28756,0.6142199999999999,0.2192,0.7144,-1.3227340000000003,1.6218729532266332,-1.27065,2.3334,-2.6745,-0.34109999999999996,-4.292222499999999,2.547507499999998,-4.7983,3.2494,7.014779000000001,1.5547010086580064,7.0116499999999995,2.2215999999999987,5.9054,8.126999999999999,3.95782,9.73352,3.2341,10.5777,0.265648,0.027655326189843916,0.268,0.038400000000000045,0.2455,0.2839,0.21619,0.31611999999999996,0.202,0.3232,0.0
SC_009,Core,12,50,8.0,Medium,5.0,0.5,0.0,TOPSIS,100,1.0,0.0,1.0,0.0,1.0,1.0,1.0,1.0,1.0,1.0,0.02,0.14070529413628968,0.0,0.0,0.0,0.0,0.0,0.0,0.0,1.0,0.8357575757575756,0.0733697769589288,0.8333333333333333,0.09090909090909094,0.7878787878787877,0.8787878787878787,0.6969696969696969,0.9696969696969696,0.6666666666666666,0.9999999999999998,0.9295104895104896,0.04435791702696683,0.9370629370629372,0.055944055944055826,0.9020979020979022,0.958041958041958,0.8244755244755245,0.9930069930069932,0.7762237762237763,1.0,0.0821212121212121,0.0366848884794644,0.0833333333333333,0.04545454545454539,0.0606060606060606,0.106060606060606,0.0151515151515151,0.1515151515151515,0.0,0.1666666666666666,0.0,0.0,0.0,0.0,0.0,0.0,0.0,0.0,0.0,0.0,0.0,0.0,0.0,0.0,0.0,0.0,0.0,0.0,0.0,0.0,0.7816666666666666,0.31843384278911935,0.8333333333333334,0.375,0.625,1.0,0.1666666666666666,1.3333333333333333,0.0,1.5,0.0,0.0,0.0,0.0,0.0,0.0,0.0,0.0,0.0,0.0,-0.09702399999999999,0.11604756001682494,-0.0944,0.14700000000000002,-0.17880000000000001,-0.031799999999999995,-0.29738000000000003,0.17379999999999993,-0.3152,0.2528,0.46368000000000004,0.09655877782862403,0.4748,0.12519999999999992,0.4014,0.5266,0.28756,0.6142199999999999,0.2192,0.7144,-1.3227340000000003,1.6218729532266332,-1.27065,2.3334,-2.6745,-0.34109999999999996,-4.292222499999999,2.547507499999998,-4.7983,3.2494,7.014779000000001,1.5547010086580064,7.0116499999999995,2.2215999999999987,5.9054,8.126999999999999,3.95782,9.73352,3.2341,10.5777,0.265648,0.027655326189843916,0.268,0.038400000000000045,0.2455,0.2839,0.21619,0.31611999999999996,0.202,0.3232,0.0
SC_009,Core,12,50,8.0,Medium,5.0,0.5,0.0,Wilcoxon-Copeland,100,0.8,0.40201512610368484,1.0,0.0,1.0,1.0,0.0,1.0,0.0,1.0,0.0,0.0,0.0,0.0,0.0,0.0,0.0,0.0,0.0,0.0,0.6996969696969698,0.06589910700551875,0.6969696969696969,0.06060606060606055,0.6666666666666666,0.7272727272727272,0.5757575757575757,0.8181818181818181,0.4545454545454545,0.8181818181818181,0.8063636363636364,0.0553287398224009,0.7972027972027973,0.06468531468531469,0.7744755244755246,0.8391608391608393,0.7059440559440561,0.9094405594405596,0.6293706293706295,0.9370629370629372,0.1501515151515151,0.032949553502759375,0.1515151515151515,0.030303030303030304,0.1363636363636363,0.1666666666666666,0.0909090909090909,0.2121212121212121,0.0909090909090909,0.2727272727272727,-0.125,0.5919280259278048,0.0,0.0,0.0,0.0,-1.5,1.0,-1.5,1.0,0.74,0.44084400227680803,1.0,1.0,0.0,1.0,0.0,1.0,0.0,1.0,1.3466666666666667,0.2503420779742977,1.3333333333333333,0.33333333333333326,1.1666666666666667,1.5,0.8333333333333334,1.8333333333333333,0.8333333333333334,2.0,0.34,0.8067893720848651,0.0,0.0,0.0,0.0,0.0,3.0,0.0,3.0,-0.09702399999999999,0.11604756001682494,-0.0944,0.14700000000000002,-0.17880000000000001,-0.031799999999999995,-0.29738000000000003,0.17379999999999993,-0.3152,0.2528,0.46368000000000004,0.09655877782862403,0.4748,0.12519999999999992,0.4014,0.5266,0.28756,0.6142199999999999,0.2192,0.7144,-1.3227340000000003,1.6218729532266332,-1.27065,2.3334,-2.6745,-0.34109999999999996,-4.292222499999999,2.547507499999998,-4.7983,3.2494,7.014779000000001,1.5547010086580064,7.0116499999999995,2.2215999999999987,5.9054,8.126999999999999,3.95782,9.73352,3.2341,10.5777,0.265648,0.027655326189843916,0.268,0.038400000000000045,0.2455,0.2839,0.21619,0.31611999999999996,0.202,0.3232,0.0
SC_010,Core,12,50,10.0,Medium,5.0,0.5,0.0,Borda,100,0.32,0.4688261722621506,0.0,1.0,0.0,1.0,0.0,1.0,0.0,1.0,0.0,0.0,0.0,0.0,0.0,0.0,0.0,0.0,0.0,0.0,0.5484848484848485,0.09985566194183446,0.5454545454545454,0.12121212121212116,0.4848484848484848,0.606060606060606,0.37803030303030294,0.7575757575757575,0.3333333333333333,0.8181818181818181,0.7226573426573427,0.09171361182073672,0.7237762237762239,0.12062937062937062,0.6643356643356644,0.784965034965035,0.5027972027972029,0.8777972027972029,0.4615384615384615,0.9090909090909092,0.22575757575757568,0.04992783097091723,0.2272727272727272,0.06060606060606061,0.1969696969696969,0.2575757575757575,0.1212121212121212,0.3109848484848483,0.0909090909090909,0.3333333333333333,-0.275,1.2560459844892284,0.0,1.75,-1.5,0.25,-1.5,2.5,-1.5,2.5,0.41,0.4943110704237103,0.0,1.0,0.0,1.0,0.0,1.0,0.0,1.0,1.9816666666666665,0.3970252743370399,2.0,0.4999999999999998,1.6666666666666667,2.1666666666666665,1.3333333333333333,2.6666666666666665,1.0,3.1666666666666665,1.14,1.128331207195526,1.0,1.25,0.0,1.25,0.0,3.0,0.0,5.0,-0.093648,0.10868596638429863,-0.09040000000000001,0.1296,-0.1622,-0.0326,-0.31923999999999997,0.12899999999999992,-0.3976,0.1496,0.37467200000000006,0.1000620878769928,0.38680000000000003,0.1382,0.3066,0.44480000000000003,0.15514,0.54648,0.0856,0.5736,-1.6694439999999997,1.8939426650906055,-1.60235,2.075025,-2.761675,-0.68665,-5.528005,2.11753,-7.0041,2.8488,7.057641,1.9169485714211891,7.1472999999999995,2.213399999999999,6.057175,8.270575,2.5936875,10.655029999999998,1.8813,11.6698,0.21525600000000003,0.02332893603586877,0.2148,0.03130000000000002,0.20099999999999998,0.2323,0.17297,0.26044,0.1608,0.274,0.0
SC_010,Core,12,50,10.0,Medium,5.0,0.5,0.0,HERA,100,0.6,0.49236596391733095,1.0,1.0,0.0,1.0,0.0,1.0,0.0,1.0,0.01,0.09999999999999999,0.0,0.0,0.0,0.0,0.0,0.0,0.0,1.0,0.8251515151515149,0.07062240766292582,0.8181818181818181,0.09090909090909094,0.7878787878787877,0.8787878787878787,0.7113636363636363,0.9553030303030299,0.5454545454545454,0.9999999999999998,0.9292307692307695,0.04339650044308851,0.9335664335664338,0.055944055944055826,0.9090909090909092,0.965034965034965,0.8494755244755245,0.9896853146853148,0.7062937062937064,1.0,0.08742424242424239,0.03531120383146291,0.0909090909090909,0.04545454545454539,0.0606060606060606,0.106060606060606,0.022348484848484822,0.14431818181818165,0.0,0.2272727272727272,-0.52,0.8466213302106654,0.0,1.5,-1.5,0.0,-1.5,0.0,-1.5,2.5,0.0,0.0,0.0,0.0,0.0,0.0,0.0,0.0,0.0,0.0,0.865,0.3139972549151921,0.8333333333333334,0.33333333333333337,0.6666666666666666,1.0,0.2458333333333333,1.3333333333333333,0.0,2.1666666666666665,0.42,0.5352239217978272,0.0,1.0,0.0,1.0,0.0,1.0,0.0,2.0,-0.093648,0.10868596638429863,-0.09040000000000001,0.1296,-0.1622,-0.0326,-0.31923999999999997,0.12899999999999992,-0.3976,0.1496,0.37467200000000006,0.1000620878769928,0.38680000000000003,0.1382,0.3066,0.44480000000000003,0.15514,0.54648,0.0856,0.5736,-1.6694439999999997,1.8939426650906055,-1.60235,2.075025,-2.761675,-0.68665,-5.528005,2.11753,-7.0041,2.8488,7.057641,1.9169485714211891,7.1472999999999995,2.213399999999999,6.057175,8.270575,2.5936875,10.655029999999998,1.8813,11.6698,0.21525600000000003,0.02332893603586877,0.2148,0.03130000000000002,0.20099999999999998,0.2323,0.17297,0.26044,0.1608,0.274,0.0
SC_010,Core,12,50,10.0,Medium,5.0,0.5,0.0,TOPSIS,100,0.98,0.14070529413628968,1.0,0.0,1.0,1.0,1.0,1.0,0.0,1.0,0.01,0.09999999999999999,0.0,0.0,0.0,0.0,0.0,0.0,0.0,1.0,0.7960606060606058,0.09415242883970328,0.8181818181818181,0.12121212121212122,0.7272727272727272,0.8484848484848484,0.606060606060606,0.9696969696969696,0.4242424242424242,0.9999999999999998,0.9035664335664337,0.06894334585401286,0.9265734265734267,0.08391608391608385,0.8671328671328673,0.9510489510489512,0.7405594405594407,0.9930069930069932,0.5664335664335665,1.0,0.10196969696969693,0.04707621441985165,0.0909090909090909,0.060606060606060594,0.0757575757575757,0.1363636363636363,0.0151515151515151,0.1969696969696969,0.0,0.2878787878787879,-0.03,0.21105794120443455,0.0,0.0,0.0,0.0,0.0,0.0,-1.5,0.0,0.0,0.0,0.0,0.0,0.0,0.0,0.0,0.0,0.0,0.0,0.9399999999999998,0.40167997379356785,1.0,0.5000000000000001,0.6666666666666666,1.1666666666666667,0.1666666666666666,1.7541666666666653,0.0,2.3333333333333335,0.02,0.14070529413628968,0.0,0.0,0.0,0.0,0.0,0.0,0.0,1.0,-0.093648,0.10868596638429863,-0.09040000000000001,0.1296,-0.1622,-0.0326,-0.31923999999999997,0.12899999999999992,-0.3976,0.1496,0.37467200000000006,0.1000620878769928,0.38680000000000003,0.1382,0.3066,0.44480000000000003,0.15514,0.54648,0.0856,0.5736,-1.6694439999999997,1.8939426650906055,-1.60235,2.075025,-2.761675,-0.68665,-5.528005,2.11753,-7.0041,2.8488,7.057641,1.9169485714211891,7.1472999999999995,2.213399999999999,6.057175,8.270575,2.5936875,10.655029999999998,1.8813,11.6698,0.21525600000000003,0.02332893603586877,0.2148,0.03130000000000002,0.20099999999999998,0.2323,0.17297,0.26044,0.1608,0.274,0.0
SC_010,Core,12,50,10.0,Medium,5.0,0.5,0.0,Wilcoxon-Copeland,100,0.73,0.4461960433384737,1.0,1.0,0.0,1.0,0.0,1.0,0.0,1.0,0.0,0.0,0.0,0.0,0.0,0.0,0.0,0.0,0.0,0.0,0.6618181818181819,0.07555467165061949,0.6666666666666666,0.09090909090909094,0.606060606060606,0.6969696969696969,0.5151515151515151,0.8037878787878784,0.3636363636363636,0.8787878787878787,0.7752447552447554,0.0743268488776856,0.7762237762237763,0.09265734265734271,0.7272727272727274,0.8199300699300701,0.6069930069930071,0.8917832167832168,0.5664335664335665,0.9510489510489512,0.16909090909090907,0.03777733582530975,0.1666666666666666,0.045454545454545414,0.1515151515151515,0.1969696969696969,0.09810606060606057,0.2424242424242424,0.0606060606060606,0.3181818181818182,-0.24,0.7298816840606926,0.0,0.0,0.0,0.0,-1.5,1.0,-1.5,2.5,0.7,0.4605661864718382,1.0,1.0,0.0,1.0,0.0,1.0,0.0,1.0,1.5133333333333334,0.30399509713099937,1.5,0.3333333333333335,1.3333333333333333,1.6666666666666667,0.8333333333333334,2.0,0.6666666666666666,2.5,0.38,0.749140922131558,0.0,1.0,0.0,1.0,0.0,3.0,0.0,3.0,-0.093648,0.10868596638429863,-0.09040000000000001,0.1296,-0.1622,-0.0326,-0.31923999999999997,0.12899999999999992,-0.3976,0.1496,0.37467200000000006,0.1000620878769928,0.38680000000000003,0.1382,0.3066,0.44480000000000003,0.15514,0.54648,0.0856,0.5736,-1.6694439999999997,1.8939426650906055,-1.60235,2.075025,-2.761675,-0.68665,-5.528005,2.11753,-7.0041,2.8488,7.057641,1.9169485714211891,7.1472999999999995,2.213399999999999,6.057175,8.270575,2.5936875,10.655029999999998,1.8813,11.6698,0.21525600000000003,0.02332893603586877,0.2148,0.03130000000000002,0.20099999999999998,0.2323,0.17297,0.26044,0.1608,0.274,0.0
SC_011,Core,14,50,2.0,Medium,5.0,0.5,0.0,Borda,100,0.4,0.49236596391733095,0.0,1.0,0.0,1.0,0.0,1.0,0.0,1.0,0.0,0.0,0.0,0.0,0.0,0.0,0.0,0.0,0.0,0.0,0.5536263736263737,0.09296684665460324,0.5604395604395604,0.13186813186813184,0.4945054945054945,0.6263736263736264,0.3395604395604396,0.6923076923076924,0.2747252747252747,0.7582417582417583,0.7232087912087911,0.08563018036691648,0.7318681318681319,0.10769230769230775,0.6780219780219781,0.7857142857142858,0.5181318681318681,0.844065934065934,0.4417582417582417,0.8769230769230769,0.2231868131868131,0.04648342332730161,0.2197802197802197,0.0659340659340659,0.1868131868131868,0.2527472527472527,0.1538461538461538,0.33021978021978,0.1208791208791208,0.3626373626373626,-0.41,1.14455231422596,0.0,1.5,-1.5,0.0,-1.5,2.5,-1.5,2.5,0.64,0.4824181513244218,1.0,1.0,0.0,1.0,0.0,1.0,0.0,1.0,2.2642857142857142,0.4436384673044399,2.2857142857142856,0.49999999999999956,1.9642857142857144,2.4642857142857144,1.5714285714285714,3.2999999999999954,1.1428571428571428,3.5714285714285716,0.86,0.9213516640723501,1.0,1.0,0.0,1.0,0.0,3.0,0.0,3.0,-0.370224,0.10108489993040204,-0.386,0.1346,-0.4298,-0.2952,-0.5673400000000001,-0.1585000000000004,-0.648,-0.1304,0.98616,0.011195092720031437,0.988,0.012799999999999923,0.9816,0.9944,0.9595,1.0,0.9472,1.0,-1.377463,0.39310074598753897,-1.3635,0.498,-1.62385,-1.12585,-2.1745425,-0.6099775000000016,-2.4283,-0.4358,7.035497,0.426976553056015,7.08035,0.5986750000000001,6.751025,7.3496999999999995,6.1456325000000005,7.716959999999999,5.9999,8.0982,0.7749559999999999,0.02441154851725103,0.7776000000000001,0.030899999999999928,0.7613000000000001,0.7922,0.72177,0.81448,0.7136,0.8252,0.0
SC_011,Core,14,50,2.0,Medium,5.0,0.5,0.0,HERA,100,1.0,0.0,1.0,0.0,1.0,1.0,1.0,1.0,1.0,1.0,0.61,0.4902071300001973,1.0,1.0,0.0,1.0,0.0,1.0,0.0,1.0,0.9881318681318682,0.03207358531359911,1.0,0.02197802197802201,0.978021978021978,1.0,0.9664835164835166,1.0,0.6923076923076924,1.0,0.9956923076923079,0.025423980291278184,1.0,0.00439560439560438,0.9956043956043956,1.0,0.9932967032967033,1.0,0.745054945054945,1.0,0.0059340659340659,0.016036792656799546,0.0,0.0109890109890109,0.0,0.0109890109890109,0.0,0.01675824175824158,0.0,0.1538461538461538,0.0,0.0,0.0,0.0,0.0,0.0,0.0,0.0,0.0,0.0,0.0,0.0,0.0,0.0,0.0,0.0,0.0,0.0,0.0,0.0,0.06999999999999998,0.14428578572141157,0.0,0.1428571428571428,0.0,0.1428571428571428,0.0,0.21785714285714158,0.0,1.2857142857142858,0.0,0.0,0.0,0.0,0.0,0.0,0.0,0.0,0.0,0.0,-0.370224,0.10108489993040204,-0.386,0.1346,-0.4298,-0.2952,-0.5673400000000001,-0.1585000000000004,-0.648,-0.1304,0.98616,0.011195092720031437,0.988,0.012799999999999923,0.9816,0.9944,0.9595,1.0,0.9472,1.0,-1.377463,0.39310074598753897,-1.3635,0.498,-1.62385,-1.12585,-2.1745425,-0.6099775000000016,-2.4283,-0.4358,7.035497,0.426976553056015,7.08035,0.5986750000000001,6.751025,7.3496999999999995,6.1456325000000005,7.716959999999999,5.9999,8.0982,0.7749559999999999,0.02441154851725103,0.7776000000000001,0.030899999999999928,0.7613000000000001,0.7922,0.72177,0.81448,0.7136,0.8252,0.0
SC_011,Core,14,50,2.0,Medium,5.0,0.5,0.0,TOPSIS,100,1.0,0.0,1.0,0.0,1.0,1.0,1.0,1.0,1.0,1.0,0.21,0.40936018074033237,0.0,0.0,0.0,0.0,0.0,1.0,0.0,1.0,0.963076923076923,0.027390041558712587,0.9560439560439562,0.04395604395604402,0.934065934065934,0.978021978021978,0.9120879120879122,1.0,0.8901098901098902,1.0,0.9910769230769233,0.007324808426708758,0.9912087912087912,0.008791208791208871,0.9868131868131867,0.9956043956043956,0.978021978021978,1.0,0.9692307692307692,1.0,0.0184615384615384,0.013695020779356281,0.0219780219780219,0.021978021978021997,0.0109890109890109,0.0329670329670329,0.0,0.0439560439560439,0.0,0.0549450549450549,0.0,0.0,0.0,0.0,0.0,0.0,0.0,0.0,0.0,0.0,0.0,0.0,0.0,0.0,0.0,0.0,0.0,0.0,0.0,0.0,0.23285714285714276,0.17067535344311846,0.2857142857142857,0.1428571428571429,0.1428571428571428,0.2857142857142857,0.0,0.5714285714285714,0.0,0.7142857142857143,0.0,0.0,0.0,0.0,0.0,0.0,0.0,0.0,0.0,0.0,-0.370224,0.10108489993040204,-0.386,0.1346,-0.4298,-0.2952,-0.5673400000000001,-0.1585000000000004,-0.648,-0.1304,0.98616,0.011195092720031437,0.988,0.012799999999999923,0.9816,0.9944,0.9595,1.0,0.9472,1.0,-1.377463,0.39310074598753897,-1.3635,0.498,-1.62385,-1.12585,-2.1745425,-0.6099775000000016,-2.4283,-0.4358,7.035497,0.426976553056015,7.08035,0.5986750000000001,6.751025,7.3496999999999995,6.1456325000000005,7.716959999999999,5.9999,8.0982,0.7749559999999999,0.02441154851725103,0.7776000000000001,0.030899999999999928,0.7613000000000001,0.7922,0.72177,0.81448,0.7136,0.8252,0.0
SC_011,Core,14,50,2.0,Medium,5.0,0.5,0.0,Wilcoxon-Copeland,100,0.61,0.4902071300001973,1.0,1.0,0.0,1.0,0.0,1.0,0.0,1.0,0.0,0.0,0.0,0.0,0.0,0.0,0.0,0.0,0.0,0.0,0.7729670329670327,0.028639654872551122,0.7802197802197802,0.04395604395604391,0.7582417582417583,0.8021978021978022,0.7142857142857144,0.8241758241758242,0.6923076923076924,0.8241758241758242,0.8394285714285714,0.02100596507478522,0.832967032967033,0.027472527472527486,0.8285714285714285,0.856043956043956,0.8042857142857143,0.8794505494505493,0.7802197802197802,0.8989010989010989,0.11351648351648345,0.014319827436275549,0.1098901098901098,0.0219780219780219,0.0989010989010989,0.1208791208791208,0.0879120879120879,0.1428571428571428,0.0879120879120879,0.1538461538461538,-0.535,0.7563034771141472,0.0,1.5,-1.5,0.0,-1.5,0.0,-1.5,1.0,0.97,0.1714466079977653,1.0,0.0,1.0,1.0,0.4750000000000001,1.0,0.0,1.0,1.3157142857142858,0.11538968956383235,1.2857142857142858,0.1428571428571428,1.2857142857142858,1.4285714285714286,1.1428571428571428,1.5714285714285714,1.1428571428571428,1.5714285714285714,0.43,0.6072790781740127,0.0,1.0,0.0,1.0,0.0,1.0,0.0,3.0,-0.370224,0.10108489993040204,-0.386,0.1346,-0.4298,-0.2952,-0.5673400000000001,-0.1585000000000004,-0.648,-0.1304,0.98616,0.011195092720031437,0.988,0.012799999999999923,0.9816,0.9944,0.9595,1.0,0.9472,1.0,-1.377463,0.39310074598753897,-1.3635,0.498,-1.62385,-1.12585,-2.1745425,-0.6099775000000016,-2.4283,-0.4358,7.035497,0.426976553056015,7.08035,0.5986750000000001,6.751025,7.3496999999999995,6.1456325000000005,7.716959999999999,5.9999,8.0982,0.7749559999999999,0.02441154851725103,0.7776000000000001,0.030899999999999928,0.7613000000000001,0.7922,0.72177,0.81448,0.7136,0.8252,0.0
SC_012,Core,14,50,4.0,Medium,5.0,0.5,0.0,Borda,100,0.51,0.5024183937956914,1.0,1.0,0.0,1.0,0.0,1.0,0.0,1.0,0.0,0.0,0.0,0.0,0.0,0.0,0.0,0.0,0.0,0.0,0.5472527472527473,0.08988788714646948,0.5604395604395604,0.10989010989010983,0.4945054945054945,0.6043956043956044,0.3510989010989012,0.6923076923076924,0.2527472527472528,0.7142857142857144,0.72,0.08091236581892373,0.7274725274725276,0.09780219780219779,0.6780219780219781,0.7758241758241758,0.5405494505494506,0.8484615384615384,0.4417582417582417,0.8681318681318682,0.22637362637362632,0.044943943573234724,0.2197802197802197,0.05494505494505489,0.1978021978021978,0.2527472527472527,0.1538461538461538,0.3244505494505493,0.1428571428571428,0.3736263736263736,-0.095,1.0700113281756614,0.0,1.5,-1.5,0.0,-1.5,2.5,-1.5,2.5,0.63,0.4852365870939097,1.0,1.0,0.0,1.0,0.0,1.0,0.0,1.0,2.2714285714285714,0.4352533459489552,2.142857142857143,0.5714285714285716,2.0,2.5714285714285716,1.5714285714285714,3.142857142857143,1.4285714285714286,3.7142857142857144,0.92,1.2117272086913078,0.0,1.0,0.0,1.0,0.0,3.5249999999999915,0.0,5.0,-0.21738400000000002,0.10728998816103932,-0.2276,0.135,-0.2862,-0.1512,-0.4165,-0.009020000000000063,-0.4648,0.0352,0.7766,0.06595375177908663,0.7827999999999999,0.08899999999999997,0.7343999999999999,0.8234,0.64998,0.9011199999999999,0.636,0.9392,-1.5530990000000002,0.7687998778753883,-1.548,1.093775,-2.09515,-1.0013750000000001,-3.141695,-0.11020250000000131,-3.3936,0.2173,6.938911000000001,0.8474097775515096,6.8763,1.1079999999999997,6.392825,7.500825000000001,5.34598,8.481739999999999,5.1161,9.3324,0.45343999999999995,0.025355014645564052,0.4552,0.03529999999999994,0.4351,0.4704,0.40859,0.50006,0.3976,0.5224,0.0
SC_012,Core,14,50,4.0,Medium,5.0,0.5,0.0,HERA,100,1.0,0.0,1.0,0.0,1.0,1.0,1.0,1.0,1.0,1.0,0.25,0.4351941398892446,0.0,0.25,0.0,0.25,0.0,1.0,0.0,1.0,0.9672527472527473,0.03728943616954684,0.978021978021978,0.027472527472527264,0.9560439560439562,0.9835164835164835,0.9120879120879122,1.0,0.6923076923076924,1.0,0.9916483516483516,0.018069618029772114,0.9956043956043956,0.005494505494505475,0.9912087912087912,0.9967032967032967,0.9757142857142856,1.0,0.8241758241758241,1.0,0.016373626373626313,0.01864471808477341,0.0109890109890109,0.013736263736263726,0.008241758241758174,0.0219780219780219,0.0,0.0439560439560439,0.0,0.1538461538461538,0.0,0.0,0.0,0.0,0.0,0.0,0.0,0.0,0.0,0.0,0.0,0.0,0.0,0.0,0.0,0.0,0.0,0.0,0.0,0.0,0.19999999999999993,0.1816119217610652,0.1428571428571428,0.1785714285714286,0.1071428571428571,0.2857142857142857,0.0,0.5714285714285714,0.0,1.1428571428571428,0.0,0.0,0.0,0.0,0.0,0.0,0.0,0.0,0.0,0.0,-0.21738400000000002,0.10728998816103932,-0.2276,0.135,-0.2862,-0.1512,-0.4165,-0.009020000000000063,-0.4648,0.0352,0.7766,0.06595375177908663,0.7827999999999999,0.08899999999999997,0.7343999999999999,0.8234,0.64998,0.9011199999999999,0.636,0.9392,-1.5530990000000002,0.7687998778753883,-1.548,1.093775,-2.09515,-1.0013750000000001,-3.141695,-0.11020250000000131,-3.3936,0.2173,6.938911000000001,0.8474097775515096,6.8763,1.1079999999999997,6.392825,7.500825000000001,5.34598,8.481739999999999,5.1161,9.3324,0.45343999999999995,0.025355014645564052,0.4552,0.03529999999999994,0.4351,0.4704,0.40859,0.50006,0.3976,0.5224,0.0
SC_012,Core,14,50,4.0,Medium,5.0,0.5,0.0,TOPSIS,100,1.0,0.0,1.0,0.0,1.0,1.0,1.0,1.0,1.0,1.0,0.0,0.0,0.0,0.0,0.0,0.0,0.0,0.0,0.0,0.0,0.8894505494505494,0.050510827059599306,0.8901098901098902,0.06593406593406603,0.8461538461538461,0.9120879120879122,0.7802197802197802,0.978021978021978,0.7142857142857144,0.978021978021978,0.9625054945054944,0.02520405937286656,0.9692307692307692,0.027472527472527486,0.9516483516483516,0.9791208791208791,0.8986813186813186,0.9956043956043956,0.8593406593406594,0.9956043956043956,0.05527472527472522,0.02525541352979967,0.0549450549450549,0.032967032967033,0.0439560439560439,0.0769230769230769,0.0109890109890109,0.1098901098901098,0.0109890109890109,0.1428571428571428,0.0,0.0,0.0,0.0,0.0,0.0,0.0,0.0,0.0,0.0,0.0,0.0,0.0,0.0,0.0,0.0,0.0,0.0,0.0,0.0,0.6414285714285712,0.2705156668954109,0.5714285714285714,0.4285714285714286,0.4285714285714285,0.8571428571428571,0.1428571428571428,1.1428571428571428,0.1428571428571428,1.4285714285714286,0.0,0.0,0.0,0.0,0.0,0.0,0.0,0.0,0.0,0.0,-0.21738400000000002,0.10728998816103932,-0.2276,0.135,-0.2862,-0.1512,-0.4165,-0.009020000000000063,-0.4648,0.0352,0.7766,0.06595375177908663,0.7827999999999999,0.08899999999999997,0.7343999999999999,0.8234,0.64998,0.9011199999999999,0.636,0.9392,-1.5530990000000002,0.7687998778753883,-1.548,1.093775,-2.09515,-1.0013750000000001,-3.141695,-0.11020250000000131,-3.3936,0.2173,6.938911000000001,0.8474097775515096,6.8763,1.1079999999999997,6.392825,7.500825000000001,5.34598,8.481739999999999,5.1161,9.3324,0.45343999999999995,0.025355014645564052,0.4552,0.03529999999999994,0.4351,0.4704,0.40859,0.50006,0.3976,0.5224,0.0
SC_012,Core,14,50,4.0,Medium,5.0,0.5,0.0,Wilcoxon-Copeland,100,0.63,0.48523658709390977,1.0,1.0,0.0,1.0,0.0,1.0,0.0,1.0,0.0,0.0,0.0,0.0,0.0,0.0,0.0,0.0,0.0,0.0,0.7525274725274725,0.037174770742612204,0.7582417582417583,0.04395604395604391,0.7362637362637363,0.7802197802197802,0.6703296703296704,0.8241758241758242,0.6263736263736264,0.8241758241758242,0.8305934065934065,0.028462234882286018,0.8285714285714285,0.03956043956043953,0.8153846153846154,0.8549450549450549,0.767032967032967,0.8794505494505493,0.7538461538461538,0.8945054945054945,0.12373626373626365,0.018587385371306105,0.1208791208791208,0.021978021978021983,0.1098901098901098,0.1318681318681318,0.0879120879120879,0.1648351648351648,0.0879120879120879,0.1868131868131868,-0.53,0.7379332317665702,0.0,1.5,-1.5,0.0,-1.5,0.0,-1.5,1.0,0.97,0.17144660799776532,1.0,0.0,1.0,1.0,0.4750000000000001,1.0,0.0,1.0,1.3800000000000003,0.16397957548126368,1.4285714285714286,0.1428571428571428,1.2857142857142858,1.4285714285714286,1.1428571428571428,1.7142857142857142,1.0,2.0,0.39,0.5485518124198396,0.0,1.0,0.0,1.0,0.0,1.0,0.0,3.0,-0.21738400000000002,0.10728998816103932,-0.2276,0.135,-0.2862,-0.1512,-0.4165,-0.009020000000000063,-0.4648,0.0352,0.7766,0.06595375177908663,0.7827999999999999,0.08899999999999997,0.7343999999999999,0.8234,0.64998,0.9011199999999999,0.636,0.9392,-1.5530990000000002,0.7687998778753883,-1.548,1.093775,-2.09515,-1.0013750000000001,-3.141695,-0.11020250000000131,-3.3936,0.2173,6.938911000000001,0.8474097775515096,6.8763,1.1079999999999997,6.392825,7.500825000000001,5.34598,8.481739999999999,5.1161,9.3324,0.45343999999999995,0.025355014645564052,0.4552,0.03529999999999994,0.4351,0.4704,0.40859,0.50006,0.3976,0.5224,0.0
SC_013,Core,14,50,6.0,Medium,5.0,0.5,0.0,Borda,100,0.31,0.4648231987117317,0.0,1.0,0.0,1.0,0.0,1.0,0.0,1.0,0.0,0.0,0.0,0.0,0.0,0.0,0.0,0.0,0.0,0.0,0.5382417582417584,0.09498133888159532,0.5384615384615384,0.13186813186813173,0.4725274725274726,0.6043956043956044,0.3291208791208792,0.7038461538461538,0.2527472527472528,0.7582417582417583,0.7138461538461537,0.0830219451480141,0.7362637362637363,0.1197802197802198,0.656043956043956,0.7758241758241758,0.522967032967033,0.8463736263736263,0.4725274725274725,0.8637362637362638,0.23087912087912085,0.04749066944079766,0.2307692307692307,0.0659340659340659,0.1978021978021978,0.2637362637362637,0.14807692307692302,0.3354395604395603,0.1208791208791208,0.3736263736263736,-0.32,1.2113103348327907,0.0,1.75,-1.5,0.25,-1.5,2.5,-1.5,2.5,0.61,0.4902071300001973,1.0,1.0,0.0,1.0,0.0,1.0,0.0,1.0,2.291428571428572,0.39836814109568675,2.2857142857142856,0.5714285714285716,2.0,2.5714285714285716,1.5714285714285714,3.142857142857143,1.4285714285714286,3.4285714285714284,1.17,1.1464041278024186,1.0,1.25,0.0,1.25,0.0,4.0,0.0,4.0,-0.151048,0.12600068340363008,-0.1444,0.16160000000000002,-0.2306,-0.06899999999999999,-0.39681999999999995,0.11813999999999941,-0.4768,0.236,0.5975520000000001,0.08836814234676534,0.6100000000000001,0.09799999999999998,0.551,0.649,0.4184,0.7750199999999999,0.392,0.8288,-1.600563,1.3825864337534164,-1.6774,1.7781500000000001,-2.541675,-0.763525,-4.552265,1.109184999999996,-5.6873,2.3907,7.035913999999999,1.2543457677429084,7.06135,1.7315500000000004,6.14875,7.8803,4.75061,9.135987499999999,4.017,10.8826,0.31083599999999995,0.02225603774623004,0.30820000000000003,0.030400000000000038,0.2956,0.326,0.26539,0.34985,0.2596,0.3612,0.0
SC_013,Core,14,50,6.0,Medium,5.0,0.5,0.0,HERA,100,0.95,0.21904291355759034,1.0,0.0,1.0,1.0,0.0,1.0,0.0,1.0,0.03,0.17144660799776532,0.0,0.0,0.0,0.0,0.0,0.5249999999999915,0.0,1.0,0.9085714285714288,0.04291360187857238,0.9120879120879122,0.0439560439560438,0.8901098901098902,0.934065934065934,0.8241758241758242,0.9895604395604394,0.7802197802197802,1.0,0.9733186813186812,0.016906245549156994,0.978021978021978,0.01758241758241752,0.9648351648351648,0.9824175824175824,0.927142857142857,0.9979120879120879,0.9164835164835166,1.0,0.04571428571428566,0.0214568009392862,0.0439560439560439,0.021978021978022004,0.0329670329670329,0.0549450549450549,0.005219780219780179,0.0879120879120879,0.0,0.1098901098901098,-0.075,0.3285643703363855,0.0,0.0,0.0,0.0,-1.5,0.0,-1.5,0.0,0.0,0.0,0.0,0.0,0.0,0.0,0.0,0.0,0.0,0.0,0.5514285714285714,0.24451939406813597,0.5714285714285714,0.2857142857142858,0.4285714285714285,0.7142857142857143,0.06785714285714284,1.0,0.0,1.2857142857142858,0.05,0.2190429135575903,0.0,0.0,0.0,0.0,0.0,1.0,0.0,1.0,-0.151048,0.12600068340363008,-0.1444,0.16160000000000002,-0.2306,-0.06899999999999999,-0.39681999999999995,0.11813999999999941,-0.4768,0.236,0.5975520000000001,0.08836814234676534,0.6100000000000001,0.09799999999999998,0.551,0.649,0.4184,0.7750199999999999,0.392,0.8288,-1.600563,1.3825864337534164,-1.6774,1.7781500000000001,-2.541675,-0.763525,-4.552265,1.109184999999996,-5.6873,2.3907,7.035913999999999,1.2543457677429084,7.06135,1.7315500000000004,6.14875,7.8803,4.75061,9.135987499999999,4.017,10.8826,0.31083599999999995,0.02225603774623004,0.30820000000000003,0.030400000000000038,0.2956,0.326,0.26539,0.34985,0.2596,0.3612,0.0
SC_013,Core,14,50,6.0,Medium,5.0,0.5,0.0,TOPSIS,100,1.0,0.0,1.0,0.0,1.0,1.0,1.0,1.0,1.0,1.0,0.01,0.09999999999999999,0.0,0.0,0.0,0.0,0.0,0.0,0.0,1.0,0.8452747252747254,0.06633393380327408,0.8681318681318682,0.08791208791208793,0.8021978021978022,0.8901098901098902,0.7027472527472529,0.9560439560439562,0.6703296703296704,1.0,0.940175824175824,0.03885557476058578,0.9516483516483516,0.04505494505494512,0.9208791208791208,0.9659340659340659,0.8350549450549452,0.9891208791208791,0.7934065934065934,1.0,0.07736263736263731,0.033166966901637035,0.0659340659340659,0.043956043956043994,0.0549450549450549,0.0989010989010989,0.0219780219780219,0.1486263736263735,0.0,0.1648351648351648,0.0,0.0,0.0,0.0,0.0,0.0,0.0,0.0,0.0,0.0,0.0,0.0,0.0,0.0,0.0,0.0,0.0,0.0,0.0,0.0,0.8528571428571428,0.31746717164317845,0.8571428571428571,0.5714285714285714,0.5714285714285714,1.1428571428571428,0.2857142857142857,1.4285714285714286,0.0,1.7142857142857142,0.0,0.0,0.0,0.0,0.0,0.0,0.0,0.0,0.0,0.0,-0.151048,0.12600068340363008,-0.1444,0.16160000000000002,-0.2306,-0.06899999999999999,-0.39681999999999995,0.11813999999999941,-0.4768,0.236,0.5975520000000001,0.08836814234676534,0.6100000000000001,0.09799999999999998,0.551,0.649,0.4184,0.7750199999999999,0.392,0.8288,-1.600563,1.3825864337534164,-1.6774,1.7781500000000001,-2.541675,-0.763525,-4.552265,1.109184999999996,-5.6873,2.3907,7.035913999999999,1.2543457677429084,7.06135,1.7315500000000004,6.14875,7.8803,4.75061,9.135987499999999,4.017,10.8826,0.31083599999999995,0.02225603774623004,0.30820000000000003,0.030400000000000038,0.2956,0.326,0.26539,0.34985,0.2596,0.3612,0.0
SC_013,Core,14,50,6.0,Medium,5.0,0.5,0.0,Wilcoxon-Copeland,100,0.56,0.49888765156985887,1.0,1.0,0.0,1.0,0.0,1.0,0.0,1.0,0.0,0.0,0.0,0.0,0.0,0.0,0.0,0.0,0.0,0.0,0.7204395604395605,0.05384218941053403,0.7142857142857144,0.06593406593406592,0.6923076923076924,0.7582417582417583,0.6043956043956044,0.8241758241758242,0.5824175824175825,0.8461538461538461,0.8137582417582416,0.04323825073576847,0.8109890109890111,0.0703296703296703,0.7802197802197802,0.8505494505494505,0.7362637362637363,0.8968131868131868,0.7142857142857143,0.9032967032967032,0.1397802197802197,0.026921094705267025,0.1428571428571428,0.032967032967033,0.1208791208791208,0.1538461538461538,0.0879120879120879,0.1978021978021978,0.0769230769230769,0.2087912087912088,-0.485,0.8209842577754773,0.0,1.5,-1.5,0.0,-1.5,1.0,-1.5,1.0,0.89,0.31446603773522014,1.0,0.0,1.0,1.0,0.0,1.0,0.0,1.0,1.4857142857142853,0.2341667244380696,1.4285714285714286,0.3214285714285714,1.2857142857142858,1.6071428571428572,1.0,2.0,1.0,2.0,0.58,0.8187203614806646,0.0,1.0,0.0,1.0,0.0,3.0,0.0,3.0,-0.151048,0.12600068340363008,-0.1444,0.16160000000000002,-0.2306,-0.06899999999999999,-0.39681999999999995,0.11813999999999941,-0.4768,0.236,0.5975520000000001,0.08836814234676534,0.6100000000000001,0.09799999999999998,0.551,0.649,0.4184,0.7750199999999999,0.392,0.8288,-1.600563,1.3825864337534164,-1.6774,1.7781500000000001,-2.541675,-0.763525,-4.552265,1.109184999999996,-5.6873,2.3907,7.035913999999999,1.2543457677429084,7.06135,1.7315500000000004,6.14875,7.8803,4.75061,9.135987499999999,4.017,10.8826,0.31083599999999995,0.02225603774623004,0.30820000000000003,0.030400000000000038,0.2956,0.326,0.26539,0.34985,0.2596,0.3612,0.0
SC_014,Core,14,50,8.0,Medium,5.0,0.5,0.0,Borda,99,0.3838383838383838,0.4887942413208054,0.0,1.0,0.0,1.0,0.0,1.0,0.0,1.0,0.0,0.0,0.0,0.0,0.0,0.0,0.0,0.0,0.0,0.0,0.522033522033522,0.08122974075463726,0.5164835164835165,0.10989010989010983,0.4725274725274726,0.5824175824175825,0.3626373626373627,0.6703296703296704,0.3406593406593407,0.7142857142857144,0.6992784992784992,0.07862847976903457,0.6967032967032967,0.10549450549450556,0.6461538461538461,0.7516483516483516,0.5439560439560439,0.8417582417582418,0.4989010989010989,0.8549450549450549,0.23898323898323892,0.04061487037731864,0.2417582417582417,0.05494505494505489,0.2087912087912088,0.2637362637362637,0.1648351648351648,0.3186813186813186,0.1428571428571428,0.3296703296703296,-0.08585858585858586,1.1824404114951228,0.0,2.5,-1.5,1.0,-1.5,2.5,-1.5,2.5,0.494949494949495,0.502518907629606,0.0,1.0,0.0,1.0,0.0,1.0,0.0,1.0,2.3737373737373737,0.36718084153490843,2.4285714285714284,0.5714285714285716,2.142857142857143,2.7142857142857144,1.6357142857142857,3.0,1.5714285714285714,3.142857142857143,1.1717171717171717,1.2375123503024537,1.0,2.0,0.0,2.0,0.0,3.0,0.0,5.0,-0.08730505050505051,0.12559894170694905,-0.088,0.15080000000000002,-0.17320000000000002,-0.0224,-0.32867999999999997,0.1725199999999999,-0.4016,0.2288,0.4538666666666666,0.10276955000467436,0.46,0.12560000000000004,0.39039999999999997,0.516,0.23276,0.66204,0.224,0.7296,-1.1499252525252526,1.6757277830624016,-1.1736,2.2614,-2.38605,-0.12465000000000001,-3.98578,2.2296249999999995,-4.3301,2.996,6.775192929292929,1.641545323104616,6.7725,1.7283500000000007,5.971,7.699350000000001,3.30037,9.914124999999999,2.9511,11.8584,0.24338181818181817,0.02262260186246996,0.2444,0.029200000000000004,0.2284,0.2576,0.20335999999999999,0.28947999999999996,0.1748,0.3088,0.0
SC_014,Core,14,50,8.0,Medium,5.0,0.5,0.0,HERA,99,0.7676767676767676,0.4244632343465032,1.0,0.0,1.0,1.0,0.0,1.0,0.0,1.0,0.010101010101010102,0.10050378152592122,0.0,0.0,0.0,0.0,0.0,0.0,0.0,1.0,0.863913863913864,0.045895405997023485,0.8681318681318682,0.05494505494505497,0.8351648351648352,0.8901098901098902,0.7802197802197802,0.9461538461538461,0.7582417582417583,1.0,0.955022755022755,0.021651107847247147,0.956043956043956,0.02637362637362639,0.9428571428571428,0.9692307692307692,0.9008791208791208,0.9868131868131867,0.8989010989010989,1.0,0.06804306804306799,0.02294770299851175,0.0659340659340659,0.0274725274725275,0.0549450549450549,0.0824175824175824,0.02692307692307685,0.1098901098901098,0.0,0.1208791208791208,-0.3484848484848485,0.6366948515197547,0.0,0.0,0.0,0.0,-1.5,0.0,-1.5,0.0,0.0,0.0,0.0,0.0,0.0,0.0,0.0,0.0,0.0,0.0,0.797979797979798,0.2326979020608744,0.8571428571428571,0.2857142857142857,0.7142857142857143,1.0,0.35,1.221428571428571,0.0,1.4285714285714286,0.23232323232323232,0.4244632343465032,0.0,0.0,0.0,0.0,0.0,1.0,0.0,1.0,-0.08730505050505051,0.12559894170694905,-0.088,0.15080000000000002,-0.17320000000000002,-0.0224,-0.32867999999999997,0.1725199999999999,-0.4016,0.2288,0.4538666666666666,0.10276955000467436,0.46,0.12560000000000004,0.39039999999999997,0.516,0.23276,0.66204,0.224,0.7296,-1.1499252525252526,1.6757277830624016,-1.1736,2.2614,-2.38605,-0.12465000000000001,-3.98578,2.2296249999999995,-4.3301,2.996,6.775192929292929,1.641545323104616,6.7725,1.7283500000000007,5.971,7.699350000000001,3.30037,9.914124999999999,2.9511,11.8584,0.24338181818181817,0.02262260186246996,0.2444,0.029200000000000004,0.2284,0.2576,0.20335999999999999,0.28947999999999996,0.1748,0.3088,0.0
SC_014,Core,14,50,8.0,Medium,5.0,0.5,0.0,TOPSIS,99,1.0,0.0,1.0,0.0,1.0,1.0,1.0,1.0,1.0,1.0,0.0,0.0,0.0,0.0,0.0,0.0,0.0,0.0,0.0,0.0,0.7882117882117881,0.07406370105662477,0.8021978021978022,0.06593406593406592,0.7582417582417583,0.8241758241758242,0.621978021978022,0.9120879120879122,0.5164835164835165,0.934065934065934,0.9018759018759019,0.05699370976039768,0.912087912087912,0.04835164835164829,0.8879120879120879,0.9362637362637362,0.7490109890109891,0.9736263736263736,0.6571428571428571,0.9824175824175824,0.10589410589410585,0.03703185052831238,0.0989010989010989,0.03296703296703289,0.0879120879120879,0.1208791208791208,0.0439560439560439,0.18901098901098887,0.0329670329670329,0.2417582417582417,0.0,0.0,0.0,0.0,0.0,0.0,0.0,0.0,0.0,0.0,0.0,0.0,0.0,0.0,0.0,0.0,0.0,0.0,0.0,0.0,1.1313131313131313,0.3509235555020978,1.1428571428571428,0.3571428571428572,0.9285714285714286,1.2857142857142858,0.4928571428571428,2.0,0.4285714285714285,2.2857142857142856,0.0,0.0,0.0,0.0,0.0,0.0,0.0,0.0,0.0,0.0,-0.08730505050505051,0.12559894170694905,-0.088,0.15080000000000002,-0.17320000000000002,-0.0224,-0.32867999999999997,0.1725199999999999,-0.4016,0.2288,0.4538666666666666,0.10276955000467436,0.46,0.12560000000000004,0.39039999999999997,0.516,0.23276,0.66204,0.224,0.7296,-1.1499252525252526,1.6757277830624016,-1.1736,2.2614,-2.38605,-0.12465000000000001,-3.98578,2.2296249999999995,-4.3301,2.996,6.775192929292929,1.641545323104616,6.7725,1.7283500000000007,5.971,7.699350000000001,3.30037,9.914124999999999,2.9511,11.8584,0.24338181818181817,0.02262260186246996,0.2444,0.029200000000000004,0.2284,0.2576,0.20335999999999999,0.28947999999999996,0.1748,0.3088,0.0
SC_014,Core,14,50,8.0,Medium,5.0,0.5,0.0,Wilcoxon-Copeland,99,0.7474747474747475,0.43667188315653716,1.0,0.5,0.5,1.0,0.0,1.0,0.0,1.0,0.0,0.0,0.0,0.0,0.0,0.0,0.0,0.0,0.0,0.0,0.6963036963036964,0.0591037637965169,0.6923076923076924,0.08791208791208793,0.6483516483516484,0.7362637362637363,0.5703296703296703,0.7923076923076923,0.5604395604395604,0.8241758241758242,0.8055278055278055,0.05534491295132733,0.8065934065934066,0.07692307692307698,0.7714285714285714,0.8483516483516483,0.6986813186813187,0.9057142857142856,0.6483516483516484,0.912087912087912,0.15184815184815179,0.029551881898258463,0.1538461538461538,0.04395604395604402,0.1318681318681318,0.1758241758241758,0.10384615384615381,0.21483516483516477,0.0879120879120879,0.2197802197802197,-0.20202020202020202,0.6659318770668936,0.0,0.0,0.0,0.0,-1.5,1.0,-1.5,1.0,0.8080808080808081,0.39581400694934926,1.0,0.0,1.0,1.0,0.0,1.0,0.0,1.0,1.5642135642135642,0.2592509452900667,1.5714285714285714,0.4285714285714284,1.2857142857142858,1.7142857142857142,1.1428571428571428,2.0785714285714283,1.0,2.2857142857142856,0.3939393939393939,0.8183879352825013,0.0,0.5,0.0,0.5,0.0,3.0,0.0,3.0,-0.08730505050505051,0.12559894170694905,-0.088,0.15080000000000002,-0.17320000000000002,-0.0224,-0.32867999999999997,0.1725199999999999,-0.4016,0.2288,0.4538666666666666,0.10276955000467436,0.46,0.12560000000000004,0.39039999999999997,0.516,0.23276,0.66204,0.224,0.7296,-1.1499252525252526,1.6757277830624016,-1.1736,2.2614,-2.38605,-0.12465000000000001,-3.98578,2.2296249999999995,-4.3301,2.996,6.775192929292929,1.641545323104616,6.7725,1.7283500000000007,5.971,7.699350000000001,3.30037,9.914124999999999,2.9511,11.8584,0.24338181818181817,0.02262260186246996,0.2444,0.029200000000000004,0.2284,0.2576,0.20335999999999999,0.28947999999999996,0.1748,0.3088,0.0
SC_015,Core,14,50,10.0,Medium,5.0,0.5,0.0,Borda,100,0.48,0.5021167315686782,0.0,1.0,0.0,1.0,0.0,1.0,0.0,1.0,0.0,0.0,0.0,0.0,0.0,0.0,0.0,0.0,0.0,0.0,0.5175824175824176,0.09061097543724783,0.5164835164835165,0.10989010989010983,0.4725274725274726,0.5824175824175825,0.3291208791208792,0.6703296703296704,0.2527472527472528,0.7802197802197802,0.6897142857142856,0.09160006585858625,0.6857142857142857,0.1208791208791209,0.6285714285714286,0.7494505494505495,0.5093406593406593,0.8535164835164833,0.4021978021978022,0.9164835164835166,0.24120879120879113,0.045305487718623916,0.2417582417582417,0.05494505494505489,0.2087912087912088,0.2637362637362637,0.1648351648351648,0.3354395604395603,0.1098901098901098,0.3736263736263736,-0.34,0.950491632490441,0.0,1.5,-1.5,0.0,-1.5,1.0,-1.5,2.5,0.57,0.497569851956243,1.0,1.0,0.0,1.0,0.0,1.0,0.0,1.0,2.4028571428571426,0.4251329111778616,2.4285714285714284,0.6071428571428572,2.107142857142857,2.7142857142857144,1.5642857142857143,3.2178571428571416,1.2857142857142858,3.4285714285714284,0.87,1.1069568805303733,1.0,1.0,0.0,1.0,0.0,3.0,0.0,4.0,-0.10244000000000003,0.11531679685268595,-0.10239999999999999,0.14679999999999999,-0.1686,-0.0218,-0.30702,0.12045999999999998,-0.3672,0.1704,0.40169600000000005,0.09952162134507012,0.3944,0.14839999999999998,0.331,0.4794,0.21916,0.5763199999999999,0.112,0.6304,-1.9154360000000004,2.019805734308989,-1.82945,2.8469749999999996,-3.428625,-0.58165,-5.5358075,2.157359999999999,-6.5538,2.6833,7.366684999999999,1.8648166925039613,7.316800000000001,2.59955,6.143225,8.742775,3.589745,10.763582499999997,1.6513,11.3945,0.20038799999999996,0.021187490496407387,0.201,0.028200000000000003,0.1868,0.215,0.14959999999999998,0.23741,0.1296,0.2424,0.0
SC_015,Core,14,50,10.0,Medium,5.0,0.5,0.0,HERA,100,0.55,0.5,1.0,1.0,0.0,1.0,0.0,1.0,0.0,1.0,0.0,0.0,0.0,0.0,0.0,0.0,0.0,0.0,0.0,0.0,0.8136263736263736,0.053240744740386245,0.8241758241758242,0.06593406593406592,0.7802197802197802,0.8461538461538461,0.7027472527472529,0.8901098901098902,0.6263736263736264,0.9120879120879122,0.9298901098901101,0.0322911437672141,0.9384615384615383,0.04395604395604402,0.912087912087912,0.956043956043956,0.8591208791208791,0.9715384615384615,0.8153846153846154,0.9824175824175824,0.09318681318681314,0.026620372370193112,0.0879120879120879,0.032967032967032905,0.0769230769230769,0.1098901098901098,0.0549450549450549,0.1486263736263735,0.0439560439560439,0.1868131868131868,-0.595,0.8636749061043416,0.0,1.5,-1.5,0.0,-1.5,0.0,-1.5,2.5,0.0,0.0,0.0,0.0,0.0,0.0,0.0,0.0,0.0,0.0,1.0485714285714285,0.2609940877341852,1.0,0.3214285714285715,0.8571428571428571,1.1785714285714286,0.5714285714285714,1.6464285714285702,0.5714285714285714,1.8571428571428572,0.47,0.5403889358787817,0.0,1.0,0.0,1.0,0.0,1.0,0.0,2.0,-0.10244000000000003,0.11531679685268595,-0.10239999999999999,0.14679999999999999,-0.1686,-0.0218,-0.30702,0.12045999999999998,-0.3672,0.1704,0.40169600000000005,0.09952162134507012,0.3944,0.14839999999999998,0.331,0.4794,0.21916,0.5763199999999999,0.112,0.6304,-1.9154360000000004,2.019805734308989,-1.82945,2.8469749999999996,-3.428625,-0.58165,-5.5358075,2.157359999999999,-6.5538,2.6833,7.366684999999999,1.8648166925039613,7.316800000000001,2.59955,6.143225,8.742775,3.589745,10.763582499999997,1.6513,11.3945,0.20038799999999996,0.021187490496407387,0.201,0.028200000000000003,0.1868,0.215,0.14959999999999998,0.23741,0.1296,0.2424,0.0
SC_015,Core,14,50,10.0,Medium,5.0,0.5,0.0,TOPSIS,100,0.99,0.09999999999999999,1.0,0.0,1.0,1.0,1.0,1.0,0.0,1.0,0.0,0.0,0.0,0.0,0.0,0.0,0.0,0.0,0.0,0.0,0.764835164835165,0.08887803217106748,0.7692307692307693,0.13736263736263732,0.6923076923076924,0.8296703296703297,0.5593406593406594,0.9120879120879122,0.4945054945054945,0.9120879120879122,0.8833406593406594,0.07012518836207693,0.8989010989010989,0.10219780219780206,0.8373626373626375,0.9395604395604394,0.7148351648351648,0.9692307692307692,0.6483516483516484,0.978021978021978,0.11758241758241753,0.04443901608553374,0.11538461538461531,0.06868131868131866,0.08516483516483515,0.1538461538461538,0.0439560439560439,0.2203296703296701,0.0439560439560439,0.2527472527472527,-0.015,0.15,0.0,0.0,0.0,0.0,0.0,0.0,-1.5,0.0,0.0,0.0,0.0,0.0,0.0,0.0,0.0,0.0,0.0,0.0,1.2642857142857142,0.41482275983595945,1.2857142857142858,0.5714285714285714,1.0,1.5714285714285714,0.5714285714285714,2.2178571428571416,0.4285714285714285,2.5714285714285716,0.01,0.09999999999999999,0.0,0.0,0.0,0.0,0.0,0.0,0.0,1.0,-0.10244000000000003,0.11531679685268595,-0.10239999999999999,0.14679999999999999,-0.1686,-0.0218,-0.30702,0.12045999999999998,-0.3672,0.1704,0.40169600000000005,0.09952162134507012,0.3944,0.14839999999999998,0.331,0.4794,0.21916,0.5763199999999999,0.112,0.6304,-1.9154360000000004,2.019805734308989,-1.82945,2.8469749999999996,-3.428625,-0.58165,-5.5358075,2.157359999999999,-6.5538,2.6833,7.366684999999999,1.8648166925039613,7.316800000000001,2.59955,6.143225,8.742775,3.589745,10.763582499999997,1.6513,11.3945,0.20038799999999996,0.021187490496407387,0.201,0.028200000000000003,0.1868,0.215,0.14959999999999998,0.23741,0.1296,0.2424,0.0
SC_015,Core,14,50,10.0,Medium,5.0,0.5,0.0,Wilcoxon-Copeland,100,0.8,0.40201512610368484,1.0,0.0,1.0,1.0,0.0,1.0,0.0,1.0,0.0,0.0,0.0,0.0,0.0,0.0,0.0,0.0,0.0,0.0,0.6492307692307692,0.07231626478683117,0.6483516483516484,0.08791208791208804,0.6043956043956044,0.6923076923076924,0.5164835164835165,0.7802197802197802,0.4285714285714285,0.8241758241758242,0.77010989010989,0.06904560953360919,0.7604395604395605,0.0934065934065933,0.7307692307692308,0.8241758241758241,0.6282417582417583,0.8947252747252747,0.5868131868131868,0.9252747252747252,0.17538461538461533,0.03615813239341559,0.1758241758241758,0.043956043956043994,0.1538461538461538,0.1978021978021978,0.1098901098901098,0.2417582417582417,0.0879120879120879,0.2857142857142857,-0.15,0.5967081414398551,0.0,0.0,0.0,0.0,-1.5,1.0,-1.5,1.0,0.79,0.40936018074033237,1.0,0.0,1.0,1.0,0.0,1.0,0.0,1.0,1.7614285714285713,0.3299488038346668,1.7142857142857142,0.4285714285714286,1.5714285714285714,2.0,1.1428571428571428,2.2857142857142856,1.0,2.7142857142857144,0.32,0.7638287395970013,0.0,0.0,0.0,0.0,0.0,3.0,0.0,3.0,-0.10244000000000003,0.11531679685268595,-0.10239999999999999,0.14679999999999999,-0.1686,-0.0218,-0.30702,0.12045999999999998,-0.3672,0.1704,0.40169600000000005,0.09952162134507012,0.3944,0.14839999999999998,0.331,0.4794,0.21916,0.5763199999999999,0.112,0.6304,-1.9154360000000004,2.019805734308989,-1.82945,2.8469749999999996,-3.428625,-0.58165,-5.5358075,2.157359999999999,-6.5538,2.6833,7.366684999999999,1.8648166925039613,7.316800000000001,2.59955,6.143225,8.742775,3.589745,10.763582499999997,1.6513,11.3945,0.20038799999999996,0.021187490496407387,0.201,0.028200000000000003,0.1868,0.215,0.14959999999999998,0.23741,0.1296,0.2424,0.0
SC_016,Sample Size Sensitivity,10,25,4.0,Medium,5.0,0.5,0.0,Borda,100,0.51,0.5024183937956914,1.0,1.0,0.0,1.0,0.0,1.0,0.0,1.0,0.0,0.0,0.0,0.0,0.0,0.0,0.0,0.0,0.0,0.0,0.5862222222222222,0.11277231801372312,0.6,0.1777777777777777,0.5111111111111111,0.6888888888888888,0.3544444444444444,0.7777777777777777,0.3333333333333333,0.8222222222222221,0.7572121212121212,0.09201377589627122,0.7696969696969697,0.12424242424242427,0.7060606060606059,0.8303030303030302,0.5515151515151515,0.8972727272727271,0.5393939393939393,0.9393939393939392,0.20688888888888887,0.056386159006861565,0.2,0.0888888888888889,0.1555555555555555,0.2444444444444444,0.1111111111111111,0.3227777777777776,0.0888888888888888,0.3333333333333333,-0.265,0.993552446852437,0.0,1.5,-1.5,0.0,-1.5,1.7874999999999872,-1.5,2.5,0.23,0.42295258468165076,0.0,0.0,0.0,0.0,0.0,1.0,0.0,1.0,1.514,0.39106691669499904,1.6,0.6000000000000001,1.2,1.8,0.8,2.3049999999999984,0.8,2.4,0.81,1.0607315943024962,0.0,1.0,0.0,1.0,0.0,3.0,0.0,4.0,-0.22784,0.16282563518914175,-0.2336,0.21839999999999998,-0.3288,-0.1104,-0.54912,0.06911999999999989,-0.6256,0.136,0.8067199999999999,0.097103422944172,0.824,0.11359999999999992,0.7592,0.8728,0.58552,0.9588799999999998,0.4784,0.9968,-1.60907,1.1911838741861864,-1.5526499999999999,1.5482,-2.325275,-0.777075,-3.9431249999999998,0.6230199999999992,-4.1703,0.9271,7.239563999999999,1.3582151895466164,7.171200000000001,1.7746499999999994,6.275525,8.050175,4.84563,9.964179999999999,3.571,10.9696,0.5101119999999999,0.049405093754479296,0.5088,0.06640000000000001,0.4768,0.5432,0.40364,0.6077199999999998,0.3728,0.656,0.0
SC_016,Sample Size Sensitivity,10,25,4.0,Medium,5.0,0.5,0.0,HERA,100,0.99,0.09999999999999999,1.0,0.0,1.0,1.0,1.0,1.0,0.0,1.0,0.29,0.4560480215720686,0.0,1.0,0.0,1.0,0.0,1.0,0.0,1.0,0.9359999999999999,0.05766197494478478,0.9555555555555554,0.08888888888888902,0.911111111111111,1.0,0.8222222222222221,1.0,0.7777777777777777,1.0,0.9749090909090908,0.027145163015754512,0.9878787878787878,0.036363636363636376,0.9636363636363636,1.0,0.9087878787878787,1.0,0.8909090909090909,1.0,0.031999999999999966,0.028830987472392346,0.0222222222222222,0.0444444444444444,0.0,0.0444444444444444,0.0,0.0888888888888888,0.0,0.1111111111111111,-0.015,0.14999999999999997,0.0,0.0,0.0,0.0,0.0,0.0,-1.5,0.0,0.0,0.0,0.0,0.0,0.0,0.0,0.0,0.0,0.0,0.0,0.27999999999999997,0.2478187672758894,0.2,0.4,0.0,0.4,0.0,0.8,0.0,1.0,0.01,0.09999999999999999,0.0,0.0,0.0,0.0,0.0,0.0,0.0,1.0,-0.22784,0.16282563518914175,-0.2336,0.21839999999999998,-0.3288,-0.1104,-0.54912,0.06911999999999989,-0.6256,0.136,0.8067199999999999,0.097103422944172,0.824,0.11359999999999992,0.7592,0.8728,0.58552,0.9588799999999998,0.4784,0.9968,-1.60907,1.1911838741861864,-1.5526499999999999,1.5482,-2.325275,-0.777075,-3.9431249999999998,0.6230199999999992,-4.1703,0.9271,7.239563999999999,1.3582151895466164,7.171200000000001,1.7746499999999994,6.275525,8.050175,4.84563,9.964179999999999,3.571,10.9696,0.5101119999999999,0.049405093754479296,0.5088,0.06640000000000001,0.4768,0.5432,0.40364,0.6077199999999998,0.3728,0.656,0.0
SC_016,Sample Size Sensitivity,10,25,4.0,Medium,5.0,0.5,0.0,TOPSIS,100,1.0,0.0,1.0,0.0,1.0,1.0,1.0,1.0,1.0,1.0,0.09,0.2876234912646614,0.0,0.0,0.0,0.0,0.0,1.0,0.0,1.0,0.9124444444444442,0.06106834540761925,0.911111111111111,0.0888888888888888,0.8666666666666666,0.9555555555555554,0.7544444444444444,1.0,0.6888888888888888,1.0,0.9663030303030301,0.03422244121948658,0.9757575757575756,0.036363636363636376,0.9515151515151514,0.9878787878787878,0.8603030303030301,1.0,0.8060606060606059,1.0,0.04377777777777773,0.030534172703809613,0.0444444444444444,0.0444444444444444,0.0222222222222222,0.0666666666666666,0.0,0.12277777777777757,0.0,0.1555555555555555,0.0,0.0,0.0,0.0,0.0,0.0,0.0,0.0,0.0,0.0,0.0,0.0,0.0,0.0,0.0,0.0,0.0,0.0,0.0,0.0,0.3740000000000001,0.250502525239797,0.4,0.2,0.2,0.4,0.0,1.0,0.0,1.2,0.0,0.0,0.0,0.0,0.0,0.0,0.0,0.0,0.0,0.0,-0.22784,0.16282563518914175,-0.2336,0.21839999999999998,-0.3288,-0.1104,-0.54912,0.06911999999999989,-0.6256,0.136,0.8067199999999999,0.097103422944172,0.824,0.11359999999999992,0.7592,0.8728,0.58552,0.9588799999999998,0.4784,0.9968,-1.60907,1.1911838741861864,-1.5526499999999999,1.5482,-2.325275,-0.777075,-3.9431249999999998,0.6230199999999992,-4.1703,0.9271,7.239563999999999,1.3582151895466164,7.171200000000001,1.7746499999999994,6.275525,8.050175,4.84563,9.964179999999999,3.571,10.9696,0.5101119999999999,0.049405093754479296,0.5088,0.06640000000000001,0.4768,0.5432,0.40364,0.6077199999999998,0.3728,0.656,0.0
SC_016,Sample Size Sensitivity,10,25,4.0,Medium,5.0,0.5,0.0,Wilcoxon-Copeland,100,0.67,0.47258156262526074,1.0,1.0,0.0,1.0,0.0,1.0,0.0,1.0,0.0,0.0,0.0,0.0,0.0,0.0,0.0,0.0,0.0,0.0,0.7159999999999996,0.0484790494100257,0.7333333333333333,0.04444444444444451,0.6888888888888888,0.7333333333333333,0.6444444444444444,0.8011111111111107,0.5555555555555555,0.8222222222222221,0.8279999999999997,0.04254022363953298,0.8303030303030302,0.0636363636363636,0.7939393939393938,0.8575757575757574,0.7575757575757575,0.9093939393939392,0.6969696969696969,0.9151515151515152,0.14199999999999993,0.024239524705012838,0.1333333333333333,0.0222222222222222,0.1333333333333333,0.1555555555555555,0.09944444444444439,0.1777777777777777,0.0888888888888888,0.2222222222222222,-0.495,0.7088723439378911,0.0,1.5,-1.5,0.0,-1.5,0.0,-1.5,0.0,0.45,0.5000000000000001,0.0,1.0,0.0,1.0,0.0,1.0,0.0,1.0,1.182,0.16598649087053782,1.2,0.19999999999999996,1.0,1.2,0.8,1.4,0.8,1.6,0.33,0.4725815626252608,0.0,1.0,0.0,1.0,0.0,1.0,0.0,1.0,-0.22784,0.16282563518914175,-0.2336,0.21839999999999998,-0.3288,-0.1104,-0.54912,0.06911999999999989,-0.6256,0.136,0.8067199999999999,0.097103422944172,0.824,0.11359999999999992,0.7592,0.8728,0.58552,0.9588799999999998,0.4784,0.9968,-1.60907,1.1911838741861864,-1.5526499999999999,1.5482,-2.325275,-0.777075,-3.9431249999999998,0.6230199999999992,-4.1703,0.9271,7.239563999999999,1.3582151895466164,7.171200000000001,1.7746499999999994,6.275525,8.050175,4.84563,9.964179999999999,3.571,10.9696,0.5101119999999999,0.049405093754479296,0.5088,0.06640000000000001,0.4768,0.5432,0.40364,0.6077199999999998,0.3728,0.656,0.0
SC_017,Sample Size Sensitivity,10,100,4.0,Medium,5.0,0.5,0.0,Borda,100,0.5,0.502518907629606,0.5,1.0,0.0,1.0,0.0,1.0,0.0,1.0,0.0,0.0,0.0,0.0,0.0,0.0,0.0,0.0,0.0,0.0,0.6097777777777778,0.09057436819590044,0.6,0.0888888888888889,0.5555555555555555,0.6444444444444444,0.4433333333333333,0.8222222222222221,0.4222222222222222,0.8222222222222221,0.7787878787878786,0.06465507288876027,0.7696969696969697,0.087878787878788,0.7333333333333332,0.8212121212121213,0.6727272727272726,0.9151515151515152,0.6484848484848483,0.9272727272727272,0.19511111111111107,0.04528718409795024,0.2,0.04444444444444451,0.1777777777777777,0.2222222222222222,0.0888888888888888,0.2783333333333331,0.0888888888888888,0.2888888888888888,-0.395,0.9595216611321591,0.0,1.5,-1.5,0.0,-1.5,1.0,-1.5,2.5,0.16,0.3684529491774707,0.0,0.0,0.0,0.0,0.0,1.0,0.0,1.0,1.4619999999999995,0.2852537413772114,1.4,0.40000000000000013,1.2,1.6,0.8,2.0,0.8,2.0,0.74,0.9494283234737318,0.5,1.0,0.0,1.0,0.0,3.0,0.0,3.0,-0.22252200000000005,0.0683267839876941,-0.2143,0.09615000000000004,-0.27045,-0.17429999999999998,-0.37083,-0.10925500000000002,-0.3942,-0.0784,0.7858580000000002,0.04406429916163493,0.7883,0.052749999999999964,0.7612,0.81395,0.6861,0.8726149999999999,0.6376,0.8824,-1.5792670000000002,0.47253072008627384,-1.53915,0.5811999999999999,-1.85835,-1.27715,-2.6591525,-0.7235475,-2.7846,-0.4978,6.991479999999998,0.5537945026010199,7.00005,0.7086000000000006,6.6304,7.339,5.81157,7.9329275,5.1635,8.4118,0.531609,0.02746764522749328,0.53485,0.035475000000000034,0.514425,0.5498999999999999,0.476635,0.5831099999999999,0.46,0.598,0.0
SC_017,Sample Size Sensitivity,10,100,4.0,Medium,5.0,0.5,0.0,HERA,100,1.0,0.0,1.0,0.0,1.0,1.0,1.0,1.0,1.0,1.0,0.72,0.4512608598542129,1.0,1.0,0.0,1.0,0.0,1.0,0.0,1.0,0.9875555555555554,0.020056038215742877,1.0,0.04444444444444462,0.9555555555555554,1.0,0.9555555555555554,1.0,0.9555555555555554,1.0,0.9966060606060606,0.005469828604293526,1.0,0.0121212121212122,0.9878787878787878,1.0,0.9878787878787878,1.0,0.9878787878787878,1.0,0.006222222222222216,0.01002801910787139,0.0,0.0222222222222222,0.0,0.0222222222222222,0.0,0.0222222222222222,0.0,0.0222222222222222,0.0,0.0,0.0,0.0,0.0,0.0,0.0,0.0,0.0,0.0,0.0,0.0,0.0,0.0,0.0,0.0,0.0,0.0,0.0,0.0,0.056000000000000015,0.09025217197084259,0.0,0.2,0.0,0.2,0.0,0.2,0.0,0.2,0.0,0.0,0.0,0.0,0.0,0.0,0.0,0.0,0.0,0.0,-0.22252200000000005,0.0683267839876941,-0.2143,0.09615000000000004,-0.27045,-0.17429999999999998,-0.37083,-0.10925500000000002,-0.3942,-0.0784,0.7858580000000002,0.04406429916163493,0.7883,0.052749999999999964,0.7612,0.81395,0.6861,0.8726149999999999,0.6376,0.8824,-1.5792670000000002,0.47253072008627384,-1.53915,0.5811999999999999,-1.85835,-1.27715,-2.6591525,-0.7235475,-2.7846,-0.4978,6.991479999999998,0.5537945026010199,7.00005,0.7086000000000006,6.6304,7.339,5.81157,7.9329275,5.1635,8.4118,0.531609,0.02746764522749328,0.53485,0.035475000000000034,0.514425,0.5498999999999999,0.476635,0.5831099999999999,0.46,0.598,0.0
SC_017,Sample Size Sensitivity,10,100,4.0,Medium,5.0,0.5,0.0,TOPSIS,100,1.0,0.0,1.0,0.0,1.0,1.0,1.0,1.0,1.0,1.0,0.51,0.5024183937956913,1.0,1.0,0.0,1.0,0.0,1.0,0.0,1.0,0.9746666666666667,0.028430271440952944,1.0,0.04444444444444462,0.9555555555555554,1.0,0.911111111111111,1.0,0.911111111111111,1.0,0.9928484848484849,0.008456816697359329,1.0,0.0121212121212122,0.9878787878787878,1.0,0.9757575757575756,1.0,0.9636363636363636,1.0,0.012666666666666652,0.014215135720476418,0.0,0.0222222222222222,0.0,0.0222222222222222,0.0,0.0444444444444444,0.0,0.0444444444444444,0.0,0.0,0.0,0.0,0.0,0.0,0.0,0.0,0.0,0.0,0.0,0.0,0.0,0.0,0.0,0.0,0.0,0.0,0.0,0.0,0.11399999999999999,0.1279362214842879,0.0,0.2,0.0,0.2,0.0,0.4,0.0,0.4,0.0,0.0,0.0,0.0,0.0,0.0,0.0,0.0,0.0,0.0,-0.22252200000000005,0.0683267839876941,-0.2143,0.09615000000000004,-0.27045,-0.17429999999999998,-0.37083,-0.10925500000000002,-0.3942,-0.0784,0.7858580000000002,0.04406429916163493,0.7883,0.052749999999999964,0.7612,0.81395,0.6861,0.8726149999999999,0.6376,0.8824,-1.5792670000000002,0.47253072008627384,-1.53915,0.5811999999999999,-1.85835,-1.27715,-2.6591525,-0.7235475,-2.7846,-0.4978,6.991479999999998,0.5537945026010199,7.00005,0.7086000000000006,6.6304,7.339,5.81157,7.9329275,5.1635,8.4118,0.531609,0.02746764522749328,0.53485,0.035475000000000034,0.514425,0.5498999999999999,0.476635,0.5831099999999999,0.46,0.598,0.0
SC_017,Sample Size Sensitivity,10,100,4.0,Medium,5.0,0.5,0.0,Wilcoxon-Copeland,100,0.47,0.5016135580465918,0.0,1.0,0.0,1.0,0.0,1.0,0.0,1.0,0.0,0.0,0.0,0.0,0.0,0.0,0.0,0.0,0.0,0.0,0.7515555555555554,0.04098549072758333,0.7333333333333333,0.0444444444444444,0.7333333333333333,0.7777777777777777,0.6888888888888888,0.8222222222222221,0.6444444444444444,0.8222222222222221,0.8647272727272727,0.03189430746468418,0.8666666666666665,0.03636363636363649,0.8545454545454544,0.8909090909090909,0.7939393939393938,0.9151515151515152,0.7818181818181817,0.9151515151515152,0.12422222222222218,0.020492745363791674,0.1333333333333333,0.0222222222222222,0.1111111111111111,0.1333333333333333,0.0888888888888888,0.1555555555555555,0.0888888888888888,0.1777777777777777,-0.795,0.7524203370698879,-1.5,1.5,-1.5,0.0,-1.5,0.0,-1.5,0.0,0.09,0.2876234912646614,0.0,0.0,0.0,0.0,0.0,1.0,0.0,1.0,1.082,0.1506752478114116,1.0,0.19999999999999996,1.0,1.2,0.8,1.4,0.8,1.4,0.53,0.5016135580465918,1.0,1.0,0.0,1.0,0.0,1.0,0.0,1.0,-0.22252200000000005,0.0683267839876941,-0.2143,0.09615000000000004,-0.27045,-0.17429999999999998,-0.37083,-0.10925500000000002,-0.3942,-0.0784,0.7858580000000002,0.04406429916163493,0.7883,0.052749999999999964,0.7612,0.81395,0.6861,0.8726149999999999,0.6376,0.8824,-1.5792670000000002,0.47253072008627384,-1.53915,0.5811999999999999,-1.85835,-1.27715,-2.6591525,-0.7235475,-2.7846,-0.4978,6.991479999999998,0.5537945026010199,7.00005,0.7086000000000006,6.6304,7.339,5.81157,7.9329275,5.1635,8.4118,0.531609,0.02746764522749328,0.53485,0.035475000000000034,0.514425,0.5498999999999999,0.476635,0.5831099999999999,0.46,0.598,0.0
SC_018,Sample Size Sensitivity,12,25,4.0,Medium,5.0,0.5,0.0,Borda,100,0.43,0.497569851956243,0.0,1.0,0.0,1.0,0.0,1.0,0.0,1.0,0.0,0.0,0.0,0.0,0.0,0.0,0.0,0.0,0.0,0.0,0.5724242424242424,0.10835508396085096,0.5757575757575757,0.15909090909090906,0.5075757575757576,0.6666666666666666,0.3333333333333333,0.7575757575757575,0.2727272727272727,0.8181818181818181,0.7445454545454546,0.09322131088636532,0.7517482517482519,0.11363636363636354,0.6975524475524477,0.8111888111888113,0.5347902097902099,0.8671328671328673,0.3916083916083916,0.9160839160839164,0.21378787878787872,0.054177541980425487,0.2121212121212121,0.07954545454545456,0.1666666666666666,0.2462121212121212,0.1212121212121212,0.3333333333333333,0.0909090909090909,0.3636363636363636,-0.265,1.135859484125025,0.0,1.5,-1.5,0.0,-1.5,2.5,-1.5,2.5,0.43,0.497569851956243,0.0,1.0,0.0,1.0,0.0,1.0,0.0,1.0,1.858333333333333,0.42135410488797703,1.8333333333333333,0.6666666666666665,1.5,2.1666666666666665,1.1666666666666667,2.5874999999999986,1.0,3.0,0.93,1.0754843869934452,1.0,1.0,0.0,1.0,0.0,3.0,0.0,4.0,-0.20528000000000002,0.1834663143055108,-0.2128,0.26159999999999994,-0.344,-0.0824,-0.47688,0.16927999999999957,-0.7568,0.2384,0.7893439999999999,0.09199686459303652,0.8,0.11599999999999999,0.7344,0.8504,0.6128,0.9488,0.3696,0.9616,-1.477381,1.3133641255961845,-1.5282,1.736775,-2.348175,-0.6113999999999999,-3.7729225,1.1955424999999982,-5.712,1.612,7.061393000000001,1.1946450098022654,7.2341,1.4271249999999993,6.2804,7.7075249999999995,4.9954625,9.342502499999998,3.0743,10.7052,0.4884000000000001,0.03686380064480327,0.48719999999999997,0.042799999999999894,0.46799999999999997,0.5107999999999999,0.42636,0.5546,0.3696,0.5728,0.0
SC_018,Sample Size Sensitivity,12,25,4.0,Medium,5.0,0.5,0.0,HERA,100,0.96,0.19694638556693236,1.0,0.0,1.0,1.0,0.0,1.0,0.0,1.0,0.13,0.33799766898963113,0.0,0.0,0.0,0.0,0.0,1.0,0.0,1.0,0.927272727272727,0.04853838489036733,0.9393939393939392,0.06060606060606066,0.909090909090909,0.9696969696969696,0.8484848484848484,0.9999999999999998,0.7575757575757575,0.9999999999999998,0.9762937062937063,0.020269974981746618,0.9790209790209792,0.027972027972028246,0.965034965034965,0.9930069930069932,0.922727272727273,1.0,0.8951048951048951,1.0,0.036363636363636334,0.02426919244518367,0.0303030303030303,0.0303030303030303,0.0151515151515151,0.0454545454545454,0.0,0.0757575757575757,0.0,0.1212121212121212,-0.06,0.2954195783503986,0.0,0.0,0.0,0.0,-1.5,0.0,-1.5,0.0,0.0,0.0,0.0,0.0,0.0,0.0,0.0,0.0,0.0,0.0,0.38166666666666665,0.24076081242407815,0.3333333333333333,0.33333333333333337,0.1666666666666666,0.5,0.0,0.8333333333333334,0.0,1.0,0.04,0.19694638556693236,0.0,0.0,0.0,0.0,0.0,1.0,0.0,1.0,-0.20528000000000002,0.1834663143055108,-0.2128,0.26159999999999994,-0.344,-0.0824,-0.47688,0.16927999999999957,-0.7568,0.2384,0.7893439999999999,0.09199686459303652,0.8,0.11599999999999999,0.7344,0.8504,0.6128,0.9488,0.3696,0.9616,-1.477381,1.3133641255961845,-1.5282,1.736775,-2.348175,-0.6113999999999999,-3.7729225,1.1955424999999982,-5.712,1.612,7.061393000000001,1.1946450098022654,7.2341,1.4271249999999993,6.2804,7.7075249999999995,4.9954625,9.342502499999998,3.0743,10.7052,0.4884000000000001,0.03686380064480327,0.48719999999999997,0.042799999999999894,0.46799999999999997,0.5107999999999999,0.42636,0.5546,0.3696,0.5728,0.0
SC_018,Sample Size Sensitivity,12,25,4.0,Medium,5.0,0.5,0.0,TOPSIS,100,1.0,0.0,1.0,0.0,1.0,1.0,1.0,1.0,1.0,1.0,0.02,0.14070529413628965,0.0,0.0,0.0,0.0,0.0,0.0,0.0,1.0,0.8721212121212119,0.06190526644866488,0.8787878787878787,0.06060606060606055,0.8484848484848484,0.909090909090909,0.7272727272727272,0.9696969696969696,0.6969696969696969,0.9999999999999998,0.9510489510489513,0.034488523856849196,0.958041958041958,0.04195804195804198,0.9370629370629372,0.9790209790209792,0.8597902097902099,0.9930069930069932,0.8251748251748254,1.0,0.06393939393939391,0.030952633224332445,0.0606060606060606,0.030303030303030304,0.0454545454545454,0.0757575757575757,0.0151515151515151,0.1363636363636363,0.0,0.1515151515151515,0.0,0.0,0.0,0.0,0.0,0.0,0.0,0.0,0.0,0.0,0.0,0.0,0.0,0.0,0.0,0.0,0.0,0.0,0.0,0.0,0.6266666666666666,0.28339769520514274,0.6666666666666666,0.33333333333333337,0.5,0.8333333333333334,0.1666666666666666,1.1666666666666667,0.0,1.5,0.0,0.0,0.0,0.0,0.0,0.0,0.0,0.0,0.0,0.0,-0.20528000000000002,0.1834663143055108,-0.2128,0.26159999999999994,-0.344,-0.0824,-0.47688,0.16927999999999957,-0.7568,0.2384,0.7893439999999999,0.09199686459303652,0.8,0.11599999999999999,0.7344,0.8504,0.6128,0.9488,0.3696,0.9616,-1.477381,1.3133641255961845,-1.5282,1.736775,-2.348175,-0.6113999999999999,-3.7729225,1.1955424999999982,-5.712,1.612,7.061393000000001,1.1946450098022654,7.2341,1.4271249999999993,6.2804,7.7075249999999995,4.9954625,9.342502499999998,3.0743,10.7052,0.4884000000000001,0.03686380064480327,0.48719999999999997,0.042799999999999894,0.46799999999999997,0.5107999999999999,0.42636,0.5546,0.3696,0.5728,0.0
SC_018,Sample Size Sensitivity,12,25,4.0,Medium,5.0,0.5,0.0,Wilcoxon-Copeland,100,0.66,0.47609522856952335,1.0,1.0,0.0,1.0,0.0,1.0,0.0,1.0,0.0,0.0,0.0,0.0,0.0,0.0,0.0,0.0,0.0,0.0,0.721818181818182,0.043367022378875894,0.7272727272727272,0.06060606060606055,0.6969696969696969,0.7575757575757575,0.6363636363636362,0.7878787878787877,0.5757575757575757,0.8181818181818181,0.8205594405594406,0.039335778138643834,0.8251748251748254,0.04895104895104896,0.7902097902097903,0.8391608391608393,0.7552447552447553,0.8881118881118882,0.7342657342657343,0.9090909090909092,0.13909090909090904,0.02168351118943796,0.1363636363636363,0.03030303030303029,0.1212121212121212,0.1515151515151515,0.106060606060606,0.1818181818181818,0.0909090909090909,0.2121212121212121,-0.41,0.7432524755587717,0.0,1.5,-1.5,0.0,-1.5,1.0,-1.5,1.0,0.74,0.44084400227680803,1.0,1.0,0.0,1.0,0.0,1.0,0.0,1.0,1.3166666666666667,0.16326494823479404,1.3333333333333333,0.16666666666666652,1.1666666666666667,1.3333333333333333,1.0,1.6666666666666667,1.0,1.8333333333333333,0.42,0.6989169110021938,0.0,1.0,0.0,1.0,0.0,3.0,0.0,3.0,-0.20528000000000002,0.1834663143055108,-0.2128,0.26159999999999994,-0.344,-0.0824,-0.47688,0.16927999999999957,-0.7568,0.2384,0.7893439999999999,0.09199686459303652,0.8,0.11599999999999999,0.7344,0.8504,0.6128,0.9488,0.3696,0.9616,-1.477381,1.3133641255961845,-1.5282,1.736775,-2.348175,-0.6113999999999999,-3.7729225,1.1955424999999982,-5.712,1.612,7.061393000000001,1.1946450098022654,7.2341,1.4271249999999993,6.2804,7.7075249999999995,4.9954625,9.342502499999998,3.0743,10.7052,0.4884000000000001,0.03686380064480327,0.48719999999999997,0.042799999999999894,0.46799999999999997,0.5107999999999999,0.42636,0.5546,0.3696,0.5728,0.0
SC_019,Sample Size Sensitivity,12,100,4.0,Medium,5.0,0.5,0.0,Borda,100,0.44,0.4988876515698589,0.0,1.0,0.0,1.0,0.0,1.0,0.0,1.0,0.0,0.0,0.0,0.0,0.0,0.0,0.0,0.0,0.0,0.0,0.5796969696969697,0.08610454695473116,0.5757575757575757,0.1212121212121211,0.5151515151515151,0.6363636363636362,0.40833333333333327,0.7272727272727272,0.3333333333333333,0.7575757575757575,0.7462937062937064,0.07078714726157419,0.7587412587412589,0.09440559440559426,0.7045454545454546,0.7989510489510491,0.6010489510489512,0.8531468531468532,0.5454545454545455,0.8671328671328673,0.21015151515151506,0.043052273477365594,0.2121212121212121,0.06060606060606061,0.1818181818181818,0.2424242424242424,0.1363636363636363,0.29583333333333317,0.1212121212121212,0.3333333333333333,-0.6,0.9211323729436766,0.0,1.5,-1.5,0.0,-1.5,1.0,-1.5,2.5,0.42,0.49604496374885826,0.0,1.0,0.0,1.0,0.0,1.0,0.0,1.0,1.8633333333333328,0.36651358910533954,1.8333333333333333,0.4999999999999998,1.6666666666666667,2.1666666666666665,1.1666666666666667,2.674999999999997,1.0,2.8333333333333335,0.74,0.8717797887081347,1.0,1.0,0.0,1.0,0.0,3.0,0.0,4.0,-0.21709399999999995,0.07726787435979333,-0.21639999999999998,0.09034999999999999,-0.26325,-0.1729,-0.375315,-0.0737900000000002,-0.3866,0.0096,0.78129,0.04253344138867247,0.7836000000000001,0.05094999999999994,0.756,0.80695,0.690975,0.8509399999999999,0.6836,0.8752,-1.555459,0.5637880175261448,-1.5064,0.6924749999999997,-1.8766749999999999,-1.1842000000000001,-2.726065,-0.5673625000000018,-3.1544,0.123,7.00165,0.5158558381540096,7.0078499999999995,0.6980249999999995,6.686,7.384025,5.9319525,7.9163925,5.5459,8.2828,0.4955049999999999,0.022558137571773756,0.49424999999999997,0.03152499999999997,0.479175,0.5106999999999999,0.45461250000000003,0.5392849999999999,0.4249,0.5503,0.0
SC_019,Sample Size Sensitivity,12,100,4.0,Medium,5.0,0.5,0.0,HERA,100,1.0,0.0,1.0,0.0,1.0,1.0,1.0,1.0,1.0,1.0,0.66,0.47609522856952335,1.0,1.0,0.0,1.0,0.0,1.0,0.0,1.0,0.9872727272727272,0.029896259771613587,0.9999999999999998,0.030303030303030165,0.9696969696969696,0.9999999999999998,0.9696969696969696,0.9999999999999998,0.7272727272727272,0.9999999999999998,0.995944055944056,0.017561592728985848,1.0,0.006993006993006756,0.9930069930069932,1.0,0.9930069930069932,1.0,0.8251748251748254,1.0,0.0063636363636363465,0.014948129885806793,0.0,0.0151515151515151,0.0,0.0151515151515151,0.0,0.0151515151515151,0.0,0.1363636363636363,0.0,0.0,0.0,0.0,0.0,0.0,0.0,0.0,0.0,0.0,0.0,0.0,0.0,0.0,0.0,0.0,0.0,0.0,0.0,0.0,0.06333333333333331,0.11055415967851333,0.0,0.1666666666666666,0.0,0.1666666666666666,0.0,0.1666666666666666,0.0,0.8333333333333334,0.0,0.0,0.0,0.0,0.0,0.0,0.0,0.0,0.0,0.0,-0.21709399999999995,0.07726787435979333,-0.21639999999999998,0.09034999999999999,-0.26325,-0.1729,-0.375315,-0.0737900000000002,-0.3866,0.0096,0.78129,0.04253344138867247,0.7836000000000001,0.05094999999999994,0.756,0.80695,0.690975,0.8509399999999999,0.6836,0.8752,-1.555459,0.5637880175261448,-1.5064,0.6924749999999997,-1.8766749999999999,-1.1842000000000001,-2.726065,-0.5673625000000018,-3.1544,0.123,7.00165,0.5158558381540096,7.0078499999999995,0.6980249999999995,6.686,7.384025,5.9319525,7.9163925,5.5459,8.2828,0.4955049999999999,0.022558137571773756,0.49424999999999997,0.03152499999999997,0.479175,0.5106999999999999,0.45461250000000003,0.5392849999999999,0.4249,0.5503,0.0
SC_019,Sample Size Sensitivity,12,100,4.0,Medium,5.0,0.5,0.0,TOPSIS,100,1.0,0.0,1.0,0.0,1.0,1.0,1.0,1.0,1.0,1.0,0.19,0.3942772444036626,0.0,0.0,0.0,0.0,0.0,1.0,0.0,1.0,0.9545454545454544,0.03237484401065966,0.9696969696969696,0.030303030303030387,0.9393939393939392,0.9696969696969696,0.8931818181818181,0.9999999999999998,0.8787878787878787,0.9999999999999998,0.9879720279720281,0.009742667032600388,0.9930069930069932,0.013986013986014068,0.9790209790209792,0.9930069930069932,0.9683566433566433,1.0,0.958041958041958,1.0,0.022727272727272697,0.01618742200532983,0.0151515151515151,0.0151515151515152,0.0151515151515151,0.0303030303030303,0.0,0.05340909090909075,0.0,0.0606060606060606,0.0,0.0,0.0,0.0,0.0,0.0,0.0,0.0,0.0,0.0,0.0,0.0,0.0,0.0,0.0,0.0,0.0,0.0,0.0,0.0,0.24666666666666665,0.17161018651794185,0.1666666666666666,0.1666666666666667,0.1666666666666666,0.3333333333333333,0.0,0.5,0.0,0.6666666666666666,0.0,0.0,0.0,0.0,0.0,0.0,0.0,0.0,0.0,0.0,-0.21709399999999995,0.07726787435979333,-0.21639999999999998,0.09034999999999999,-0.26325,-0.1729,-0.375315,-0.0737900000000002,-0.3866,0.0096,0.78129,0.04253344138867247,0.7836000000000001,0.05094999999999994,0.756,0.80695,0.690975,0.8509399999999999,0.6836,0.8752,-1.555459,0.5637880175261448,-1.5064,0.6924749999999997,-1.8766749999999999,-1.1842000000000001,-2.726065,-0.5673625000000018,-3.1544,0.123,7.00165,0.5158558381540096,7.0078499999999995,0.6980249999999995,6.686,7.384025,5.9319525,7.9163925,5.5459,8.2828,0.4955049999999999,0.022558137571773756,0.49424999999999997,0.03152499999999997,0.479175,0.5106999999999999,0.45461250000000003,0.5392849999999999,0.4249,0.5503,0.0
SC_019,Sample Size Sensitivity,12,100,4.0,Medium,5.0,0.5,0.0,Wilcoxon-Copeland,100,0.53,0.5016135580465918,1.0,1.0,0.0,1.0,0.0,1.0,0.0,1.0,0.0,0.0,0.0,0.0,0.0,0.0,0.0,0.0,0.0,0.0,0.755151515151515,0.03722079245390984,0.7575757575757575,0.06060606060606055,0.7272727272727272,0.7878787878787877,0.6969696969696969,0.8181818181818181,0.6363636363636362,0.8181818181818181,0.8463636363636364,0.027713986019422196,0.8391608391608393,0.04195804195804198,0.8321678321678322,0.8741258741258742,0.7902097902097903,0.8881118881118882,0.7902097902097903,0.9090909090909092,0.12242424242424238,0.01861039622695493,0.1212121212121212,0.030303030303030304,0.106060606060606,0.1363636363636363,0.0909090909090909,0.1515151515151515,0.0909090909090909,0.1818181818181818,-0.68,0.7671276611391669,0.0,1.5,-1.5,0.0,-1.5,0.0,-1.5,1.0,0.68,0.4688261722621506,1.0,1.0,0.0,1.0,0.0,1.0,0.0,1.0,1.2233333333333334,0.14452212363502534,1.1666666666666667,0.16666666666666652,1.1666666666666667,1.3333333333333333,1.0,1.5,1.0,1.6666666666666667,0.49,0.5594911107696913,0.0,1.0,0.0,1.0,0.0,1.0,0.0,3.0,-0.21709399999999995,0.07726787435979333,-0.21639999999999998,0.09034999999999999,-0.26325,-0.1729,-0.375315,-0.0737900000000002,-0.3866,0.0096,0.78129,0.04253344138867247,0.7836000000000001,0.05094999999999994,0.756,0.80695,0.690975,0.8509399999999999,0.6836,0.8752,-1.555459,0.5637880175261448,-1.5064,0.6924749999999997,-1.8766749999999999,-1.1842000000000001,-2.726065,-0.5673625000000018,-3.1544,0.123,7.00165,0.5158558381540096,7.0078499999999995,0.6980249999999995,6.686,7.384025,5.9319525,7.9163925,5.5459,8.2828,0.4955049999999999,0.022558137571773756,0.49424999999999997,0.03152499999999997,0.479175,0.5106999999999999,0.45461250000000003,0.5392849999999999,0.4249,0.5503,0.0
SC_020,Sample Size Sensitivity,14,25,4.0,Medium,5.0,0.5,0.0,Borda,100,0.39,0.4902071300001973,0.0,1.0,0.0,1.0,0.0,1.0,0.0,1.0,0.0,0.0,0.0,0.0,0.0,0.0,0.0,0.0,0.0,0.0,0.535824175824176,0.09331180345024215,0.5274725274725275,0.15384615384615374,0.4725274725274726,0.6263736263736264,0.3846153846153846,0.7142857142857144,0.3626373626373627,0.7582417582417583,0.7029450549450549,0.08980573463182784,0.6989010989010989,0.1417582417582418,0.6395604395604396,0.7813186813186813,0.5403296703296703,0.8593406593406594,0.4989010989010989,0.8637362637362638,0.23208791208791205,0.04665590172512107,0.2362637362637362,0.0769230769230769,0.1868131868131868,0.2637362637362637,0.1428571428571428,0.3076923076923077,0.1208791208791208,0.3186813186813186,-0.405,1.0979664398470033,0.0,1.5,-1.5,0.0,-1.5,2.5,-1.5,2.5,0.63,0.4852365870939097,1.0,1.0,0.0,1.0,0.0,1.0,0.0,1.0,2.3328571428571427,0.45677068183314146,2.2857142857142856,0.7142857142857144,2.0,2.7142857142857144,1.4285714285714286,3.142857142857143,1.4285714285714286,3.2857142857142856,0.96,1.0723334322397067,1.0,1.0,0.0,1.0,0.0,3.5249999999999915,0.0,4.0,-0.22073600000000002,0.14644301095848125,-0.21760000000000002,0.1976,-0.3296,-0.132,-0.45831999999999995,0.0723199999999999,-0.584,0.1232,0.7770239999999999,0.09592765489543342,0.7856,0.10719999999999996,0.7272,0.8344,0.54304,0.9265599999999999,0.4496,0.9456,-1.5876600000000003,0.9900849716620846,-1.5953,1.3765999999999998,-2.3141,-0.9375,-3.20744,0.155662499999999,-4.2448,1.1717,6.969581000000001,1.1846302855632798,6.96225,1.6496500000000012,6.222275,7.871925,4.6160250000000005,8.897889999999999,3.7406,9.7471,0.453248,0.03199198283408775,0.4528,0.043200000000000016,0.4304,0.4736,0.38704,0.51132,0.3792,0.5216,0.0
SC_020,Sample Size Sensitivity,14,25,4.0,Medium,5.0,0.5,0.0,HERA,100,0.96,0.19694638556693236,1.0,0.0,1.0,1.0,0.0,1.0,0.0,1.0,0.02,0.14070529413628965,0.0,0.0,0.0,0.0,0.0,0.0,0.0,1.0,0.9087912087912088,0.05164941440443782,0.9120879120879122,0.0439560439560438,0.8901098901098902,0.934065934065934,0.8241758241758242,0.978021978021978,0.6263736263736264,1.0,0.9715604395604396,0.030857618477884576,0.978021978021978,0.0219780219780219,0.9648351648351648,0.9868131868131867,0.936153846153846,0.9956043956043956,0.7098901098901099,1.0,0.045604395604395546,0.02582470720221893,0.0439560439560439,0.021978021978022004,0.0329670329670329,0.0549450549450549,0.0109890109890109,0.0879120879120879,0.0,0.1868131868131868,-0.06,0.29541957835039856,0.0,0.0,0.0,0.0,-1.5,0.0,-1.5,0.0,0.0,0.0,0.0,0.0,0.0,0.0,0.0,0.0,0.0,0.0,0.54,0.2532656225626506,0.5714285714285714,0.2857142857142858,0.4285714285714285,0.7142857142857143,0.1428571428571428,1.0,0.0,1.4285714285714286,0.04,0.19694638556693236,0.0,0.0,0.0,0.0,0.0,1.0,0.0,1.0,-0.22073600000000002,0.14644301095848125,-0.21760000000000002,0.1976,-0.3296,-0.132,-0.45831999999999995,0.0723199999999999,-0.584,0.1232,0.7770239999999999,0.09592765489543342,0.7856,0.10719999999999996,0.7272,0.8344,0.54304,0.9265599999999999,0.4496,0.9456,-1.5876600000000003,0.9900849716620846,-1.5953,1.3765999999999998,-2.3141,-0.9375,-3.20744,0.155662499999999,-4.2448,1.1717,6.969581000000001,1.1846302855632798,6.96225,1.6496500000000012,6.222275,7.871925,4.6160250000000005,8.897889999999999,3.7406,9.7471,0.453248,0.03199198283408775,0.4528,0.043200000000000016,0.4304,0.4736,0.38704,0.51132,0.3792,0.5216,0.0
SC_020,Sample Size Sensitivity,14,25,4.0,Medium,5.0,0.5,0.0,TOPSIS,100,1.0,0.0,1.0,0.0,1.0,1.0,1.0,1.0,1.0,1.0,0.0,0.0,0.0,0.0,0.0,0.0,0.0,0.0,0.0,0.0,0.8556043956043956,0.057959700446175454,0.8681318681318682,0.07142857142857151,0.8241758241758242,0.8956043956043956,0.7467032967032967,0.934065934065934,0.7142857142857144,0.978021978021978,0.9454505494505494,0.031998012914339506,0.9538461538461538,0.0483516483516484,0.9208791208791208,0.9692307692307692,0.8702197802197802,0.9868131868131867,0.8637362637362638,0.9956043956043956,0.07219780219780214,0.028979850223087734,0.0659340659340659,0.035714285714285754,0.05219780219780215,0.0879120879120879,0.0329670329670329,0.12664835164835148,0.0109890109890109,0.1428571428571428,0.0,0.0,0.0,0.0,0.0,0.0,0.0,0.0,0.0,0.0,0.0,0.0,0.0,0.0,0.0,0.0,0.0,0.0,0.0,0.0,0.8257142857142857,0.2960469300409007,0.8571428571428571,0.4285714285714286,0.5714285714285714,1.0,0.2857142857142857,1.3607142857142847,0.1428571428571428,1.5714285714285714,0.0,0.0,0.0,0.0,0.0,0.0,0.0,0.0,0.0,0.0,-0.22073600000000002,0.14644301095848125,-0.21760000000000002,0.1976,-0.3296,-0.132,-0.45831999999999995,0.0723199999999999,-0.584,0.1232,0.7770239999999999,0.09592765489543342,0.7856,0.10719999999999996,0.7272,0.8344,0.54304,0.9265599999999999,0.4496,0.9456,-1.5876600000000003,0.9900849716620846,-1.5953,1.3765999999999998,-2.3141,-0.9375,-3.20744,0.155662499999999,-4.2448,1.1717,6.969581000000001,1.1846302855632798,6.96225,1.6496500000000012,6.222275,7.871925,4.6160250000000005,8.897889999999999,3.7406,9.7471,0.453248,0.03199198283408775,0.4528,0.043200000000000016,0.4304,0.4736,0.38704,0.51132,0.3792,0.5216,0.0
SC_020,Sample Size Sensitivity,14,25,4.0,Medium,5.0,0.5,0.0,Wilcoxon-Copeland,100,0.56,0.4988876515698589,1.0,1.0,0.0,1.0,0.0,1.0,0.0,1.0,0.0,0.0,0.0,0.0,0.0,0.0,0.0,0.0,0.0,0.0,0.7224175824175824,0.053165085751928014,0.7362637362637363,0.06593406593406592,0.6923076923076924,0.7582417582417583,0.6137362637362638,0.8137362637362636,0.5164835164835165,0.8241758241758242,0.810989010989011,0.042872651605034576,0.8109890109890111,0.04835164835164829,0.7846153846153847,0.832967032967033,0.7251648351648352,0.8901098901098902,0.6615384615384616,0.8989010989010989,0.13879120879120874,0.026582542875964028,0.1318681318681318,0.032967032967033,0.1208791208791208,0.1538461538461538,0.09313186813186813,0.19313186813186783,0.0879120879120879,0.2417582417582417,-0.46,0.8277998098891574,0.0,1.5,-1.5,0.0,-1.5,1.0,-1.5,1.0,0.9,0.30151134457776363,1.0,0.0,1.0,1.0,0.0,1.0,0.0,1.0,1.4928571428571429,0.22461859838230008,1.4285714285714286,0.2857142857142856,1.2857142857142858,1.5714285714285714,1.1428571428571428,1.8571428571428572,1.0,2.2857142857142856,0.6,0.8528028654224417,0.0,1.0,0.0,1.0,0.0,3.0,0.0,3.0,-0.22073600000000002,0.14644301095848125,-0.21760000000000002,0.1976,-0.3296,-0.132,-0.45831999999999995,0.0723199999999999,-0.584,0.1232,0.7770239999999999,0.09592765489543342,0.7856,0.10719999999999996,0.7272,0.8344,0.54304,0.9265599999999999,0.4496,0.9456,-1.5876600000000003,0.9900849716620846,-1.5953,1.3765999999999998,-2.3141,-0.9375,-3.20744,0.155662499999999,-4.2448,1.1717,6.969581000000001,1.1846302855632798,6.96225,1.6496500000000012,6.222275,7.871925,4.6160250000000005,8.897889999999999,3.7406,9.7471,0.453248,0.03199198283408775,0.4528,0.043200000000000016,0.4304,0.4736,0.38704,0.51132,0.3792,0.5216,0.0
SC_021,Sample Size Sensitivity,14,100,4.0,Medium,5.0,0.5,0.0,Borda,100,0.4,0.49236596391733095,0.0,1.0,0.0,1.0,0.0,1.0,0.0,1.0,0.0,0.0,0.0,0.0,0.0,0.0,0.0,0.0,0.0,0.0,0.5329670329670331,0.08465350528728713,0.5384615384615384,0.10989010989010983,0.4725274725274726,0.5824175824175825,0.3510989010989012,0.6703296703296704,0.2747252747252747,0.7142857142857144,0.7055824175824177,0.07984518190945633,0.7120879120879121,0.11208791208791213,0.6516483516483517,0.7637362637362638,0.535934065934066,0.8354945054945053,0.5164835164835165,0.8857142857142857,0.23351648351648344,0.04232675264364356,0.2307692307692307,0.05494505494505489,0.2087912087912088,0.2637362637362637,0.1648351648351648,0.3244505494505493,0.1428571428571428,0.3626373626373626,-0.245,1.181710368042607,0.0,1.5,-1.5,0.0,-1.5,2.5,-1.5,2.5,0.7,0.4605661864718382,1.0,1.0,0.0,1.0,0.0,1.0,0.0,1.0,2.321428571428571,0.36173099040687406,2.2857142857142856,0.5714285714285716,2.0,2.5714285714285716,1.6392857142857142,2.932142857142856,1.4285714285714286,3.142857142857143,1.03,1.1759801413838982,1.0,1.0,0.0,1.0,0.0,4.0,0.0,5.0,-0.21498799999999998,0.07562712259981384,-0.2212,0.1124,-0.26975,-0.15735,-0.33931500000000003,-0.07881500000000004,-0.3536,-0.0142,0.787704,0.039957790658937016,0.7858,0.05439999999999989,0.7607,0.8150999999999999,0.7083,0.8569549999999999,0.698,0.917,-1.568927,0.538892589671662,-1.575,0.7698,-1.996575,-1.226775,-2.425965,-0.5887300000000001,-2.5638,-0.0965,7.029726999999999,0.5611097841507462,6.93705,0.7192000000000007,6.6385749999999994,7.357775,6.126215,8.104725,5.6991,8.3659,0.45718999999999993,0.022693101786377037,0.45740000000000003,0.03107500000000002,0.443275,0.47435,0.40931,0.49632,0.3976,0.5071,0.0
SC_021,Sample Size Sensitivity,14,100,4.0,Medium,5.0,0.5,0.0,HERA,100,1.0,0.0,1.0,0.0,1.0,1.0,1.0,1.0,1.0,1.0,0.51,0.5024183937956914,1.0,1.0,0.0,1.0,0.0,1.0,0.0,1.0,0.9857142857142855,0.021272962042869707,1.0,0.02197802197802201,0.978021978021978,1.0,0.9445054945054945,1.0,0.8461538461538461,1.0,0.9966593406593409,0.00762928690282252,1.0,0.00439560439560438,0.9956043956043956,1.0,0.9868131868131867,1.0,0.9296703296703296,1.0,0.007142857142857102,0.010636481021434833,0.0,0.0109890109890109,0.0,0.0109890109890109,0.0,0.02774725274725258,0.0,0.0769230769230769,0.0,0.0,0.0,0.0,0.0,0.0,0.0,0.0,0.0,0.0,0.0,0.0,0.0,0.0,0.0,0.0,0.0,0.0,0.0,0.0,0.0871428571428571,0.10914672522477867,0.0,0.1428571428571428,0.0,0.1428571428571428,0.0,0.36071428571428443,0.0,0.5714285714285714,0.0,0.0,0.0,0.0,0.0,0.0,0.0,0.0,0.0,0.0,-0.21498799999999998,0.07562712259981384,-0.2212,0.1124,-0.26975,-0.15735,-0.33931500000000003,-0.07881500000000004,-0.3536,-0.0142,0.787704,0.039957790658937016,0.7858,0.05439999999999989,0.7607,0.8150999999999999,0.7083,0.8569549999999999,0.698,0.917,-1.568927,0.538892589671662,-1.575,0.7698,-1.996575,-1.226775,-2.425965,-0.5887300000000001,-2.5638,-0.0965,7.029726999999999,0.5611097841507462,6.93705,0.7192000000000007,6.6385749999999994,7.357775,6.126215,8.104725,5.6991,8.3659,0.45718999999999993,0.022693101786377037,0.45740000000000003,0.03107500000000002,0.443275,0.47435,0.40931,0.49632,0.3976,0.5071,0.0
SC_021,Sample Size Sensitivity,14,100,4.0,Medium,5.0,0.5,0.0,TOPSIS,100,1.0,0.0,1.0,0.0,1.0,1.0,1.0,1.0,1.0,1.0,0.07,0.2564323999762428,0.0,0.0,0.0,0.0,0.0,1.0,0.0,1.0,0.9410989010989013,0.03798750102677227,0.9560439560439562,0.06593406593406581,0.9120879120879122,0.978021978021978,0.8681318681318682,1.0,0.8241758241758242,1.0,0.9837362637362638,0.013907140074684552,0.9868131868131867,0.01758241758241763,0.978021978021978,0.9956043956043956,0.947032967032967,1.0,0.934065934065934,1.0,0.029450549450549385,0.01899375051338615,0.0219780219780219,0.032967032967032996,0.0109890109890109,0.0439560439560439,0.0,0.0659340659340659,0.0,0.0879120879120879,0.0,0.0,0.0,0.0,0.0,0.0,0.0,0.0,0.0,0.0,0.0,0.0,0.0,0.0,0.0,0.0,0.0,0.0,0.0,0.0,0.35428571428571415,0.20754675257451255,0.2857142857142857,0.2857142857142857,0.1428571428571428,0.4285714285714285,0.0,0.7142857142857143,0.0,1.0,0.0,0.0,0.0,0.0,0.0,0.0,0.0,0.0,0.0,0.0,-0.21498799999999998,0.07562712259981384,-0.2212,0.1124,-0.26975,-0.15735,-0.33931500000000003,-0.07881500000000004,-0.3536,-0.0142,0.787704,0.039957790658937016,0.7858,0.05439999999999989,0.7607,0.8150999999999999,0.7083,0.8569549999999999,0.698,0.917,-1.568927,0.538892589671662,-1.575,0.7698,-1.996575,-1.226775,-2.425965,-0.5887300000000001,-2.5638,-0.0965,7.029726999999999,0.5611097841507462,6.93705,0.7192000000000007,6.6385749999999994,7.357775,6.126215,8.104725,5.6991,8.3659,0.45718999999999993,0.022693101786377037,0.45740000000000003,0.03107500000000002,0.443275,0.47435,0.40931,0.49632,0.3976,0.5071,0.0
SC_021,Sample Size Sensitivity,14,100,4.0,Medium,5.0,0.5,0.0,Wilcoxon-Copeland,100,0.54,0.5009082659620331,1.0,1.0,0.0,1.0,0.0,1.0,0.0,1.0,0.0,0.0,0.0,0.0,0.0,0.0,0.0,0.0,0.0,0.0,0.7672527472527472,0.03684187827305539,0.7802197802197802,0.0494505494505495,0.7362637362637363,0.7857142857142857,0.6923076923076924,0.8241758241758242,0.6923076923076924,0.8461538461538461,0.8398681318681319,0.02293194553181492,0.832967032967033,0.04065934065934074,0.823076923076923,0.8637362637362638,0.8019780219780219,0.8748351648351648,0.7934065934065934,0.8989010989010989,0.11637362637362632,0.018420939136527686,0.1098901098901098,0.02472527472527472,0.10714285714285708,0.1318681318681318,0.0879120879120879,0.1538461538461538,0.0769230769230769,0.1538461538461538,-0.615,0.7909047370134428,0.0,1.5,-1.5,0.0,-1.5,0.5249999999999915,-1.5,1.0,0.97,0.1714466079977653,1.0,0.0,1.0,1.0,0.4750000000000001,1.0,0.0,1.0,1.3385714285714285,0.14593368311691596,1.2857142857142858,0.1428571428571428,1.2857142857142858,1.4285714285714286,1.1428571428571428,1.5714285714285714,1.0,1.7142857142857142,0.52,0.6587407638361193,0.0,1.0,0.0,1.0,0.0,2.049999999999983,0.0,3.0,-0.21498799999999998,0.07562712259981384,-0.2212,0.1124,-0.26975,-0.15735,-0.33931500000000003,-0.07881500000000004,-0.3536,-0.0142,0.787704,0.039957790658937016,0.7858,0.05439999999999989,0.7607,0.8150999999999999,0.7083,0.8569549999999999,0.698,0.917,-1.568927,0.538892589671662,-1.575,0.7698,-1.996575,-1.226775,-2.425965,-0.5887300000000001,-2.5638,-0.0965,7.029726999999999,0.5611097841507462,6.93705,0.7192000000000007,6.6385749999999994,7.357775,6.126215,8.104725,5.6991,8.3659,0.45718999999999993,0.022693101786377037,0.45740000000000003,0.03107500000000002,0.443275,0.47435,0.40931,0.49632,0.3976,0.5071,0.0
SC_022,Effect Magnitude Sensitivity,12,50,4.0,Small,2.5,0.25,0.0,Borda,100,0.41,0.4943110704237103,0.0,1.0,0.0,1.0,0.0,1.0,0.0,1.0,0.0,0.0,0.0,0.0,0.0,0.0,0.0,0.0,0.0,0.0,0.56,0.08662275392754408,0.5757575757575757,0.12121212121212116,0.4848484848484848,0.606060606060606,0.40833333333333327,0.7272727272727272,0.3636363636363636,0.7575757575757575,0.731888111888112,0.07835913190395212,0.7377622377622378,0.11188811188811187,0.6853146853146854,0.7972027972027973,0.5763986013986014,0.8645104895104894,0.5034965034965035,0.9020979020979022,0.2199999999999999,0.04331137696377206,0.2121212121212121,0.06060606060606061,0.1969696969696969,0.2575757575757575,0.1363636363636363,0.29583333333333317,0.1212121212121212,0.3181818181818182,-0.44,1.0499639243441854,0.0,1.5,-1.5,0.0,-1.5,1.7874999999999872,-1.5,2.5,0.52,0.5021167315686782,1.0,1.0,0.0,1.0,0.0,1.0,0.0,1.0,1.9100000000000004,0.3800732400327615,1.9166666666666665,0.4999999999999998,1.6666666666666667,2.1666666666666665,1.1666666666666667,2.6666666666666665,1.0,2.8333333333333335,0.97,1.1930353445448854,1.0,1.0,0.0,1.0,0.0,4.0,0.0,5.0,-0.21545599999999998,0.11533986346901275,-0.2272,0.1708,-0.3,-0.12919999999999998,-0.41346,0.012419999999999994,-0.5272,0.0672,0.781184,0.06074090482691148,0.7867999999999999,0.0808000000000001,0.7424,0.8232,0.6662399999999999,0.8924799999999998,0.5952,0.9304,-1.5631559999999995,0.8346670636459509,-1.57585,1.022125,-2.106225,-1.0840999999999998,-2.9404025,-0.0156400000000006,-3.9732,0.3601,7.015173000000001,0.696678917226638,6.96425,0.9496750000000009,6.569925,7.5196000000000005,5.4542425,8.242625,5.4082,8.6118,0.37332400000000004,0.02994447089820986,0.3704,0.038500000000000034,0.3535,0.392,0.32111999999999996,0.42583,0.3128,0.4568,0.0
SC_022,Effect Magnitude Sensitivity,12,50,4.0,Small,2.5,0.25,0.0,HERA,100,1.0,0.0,1.0,0.0,1.0,1.0,1.0,1.0,1.0,1.0,0.05,0.2190429135575903,0.0,0.0,0.0,0.0,0.0,1.0,0.0,1.0,0.9109090909090907,0.04127167594163913,0.909090909090909,0.06060606060606055,0.8787878787878787,0.9393939393939392,0.8484848484848484,0.9999999999999998,0.8181818181818181,0.9999999999999998,0.9671328671328671,0.019131784010216837,0.9685314685314685,0.027972027972028024,0.9510489510489512,0.9790209790209792,0.9297202797202798,1.0,0.9230769230769232,1.0,0.04454545454545451,0.02063583797081957,0.0454545454545454,0.0303030303030303,0.0303030303030303,0.0606060606060606,0.0,0.0757575757575757,0.0,0.0909090909090909,0.0,0.0,0.0,0.0,0.0,0.0,0.0,0.0,0.0,0.0,0.0,0.0,0.0,0.0,0.0,0.0,0.0,0.0,0.0,0.0,0.4433333333333334,0.1999158071947538,0.5,0.16666666666666669,0.3333333333333333,0.5,0.0,0.8333333333333334,0.0,0.8333333333333334,0.0,0.0,0.0,0.0,0.0,0.0,0.0,0.0,0.0,0.0,-0.21545599999999998,0.11533986346901275,-0.2272,0.1708,-0.3,-0.12919999999999998,-0.41346,0.012419999999999994,-0.5272,0.0672,0.781184,0.06074090482691148,0.7867999999999999,0.0808000000000001,0.7424,0.8232,0.6662399999999999,0.8924799999999998,0.5952,0.9304,-1.5631559999999995,0.8346670636459509,-1.57585,1.022125,-2.106225,-1.0840999999999998,-2.9404025,-0.0156400000000006,-3.9732,0.3601,7.015173000000001,0.696678917226638,6.96425,0.9496750000000009,6.569925,7.5196000000000005,5.4542425,8.242625,5.4082,8.6118,0.37332400000000004,0.02994447089820986,0.3704,0.038500000000000034,0.3535,0.392,0.32111999999999996,0.42583,0.3128,0.4568,0.0
SC_022,Effect Magnitude Sensitivity,12,50,4.0,Small,2.5,0.25,0.0,TOPSIS,100,1.0,0.0,1.0,0.0,1.0,1.0,1.0,1.0,1.0,1.0,0.04,0.19694638556693236,0.0,0.0,0.0,0.0,0.0,1.0,0.0,1.0,0.9175757575757574,0.04087875395687855,0.909090909090909,0.037878787878787845,0.9015151515151514,0.9393939393939392,0.8325757575757575,0.9999999999999998,0.7878787878787877,0.9999999999999998,0.9744055944055945,0.016002786685731248,0.9790209790209792,0.020979020979021157,0.965034965034965,0.9860139860139862,0.9333916083916085,1.0,0.9160839160839164,1.0,0.04121212121212119,0.02043937697843928,0.0454545454545454,0.0189393939393939,0.0303030303030303,0.0492424242424242,0.0,0.08371212121212106,0.0,0.106060606060606,0.0,0.0,0.0,0.0,0.0,0.0,0.0,0.0,0.0,0.0,0.0,0.0,0.0,0.0,0.0,0.0,0.0,0.0,0.0,0.0,0.4333333333333334,0.20239863544963516,0.5,0.16666666666666669,0.3333333333333333,0.5,0.0,0.8333333333333334,0.0,1.0,0.0,0.0,0.0,0.0,0.0,0.0,0.0,0.0,0.0,0.0,-0.21545599999999998,0.11533986346901275,-0.2272,0.1708,-0.3,-0.12919999999999998,-0.41346,0.012419999999999994,-0.5272,0.0672,0.781184,0.06074090482691148,0.7867999999999999,0.0808000000000001,0.7424,0.8232,0.6662399999999999,0.8924799999999998,0.5952,0.9304,-1.5631559999999995,0.8346670636459509,-1.57585,1.022125,-2.106225,-1.0840999999999998,-2.9404025,-0.0156400000000006,-3.9732,0.3601,7.015173000000001,0.696678917226638,6.96425,0.9496750000000009,6.569925,7.5196000000000005,5.4542425,8.242625,5.4082,8.6118,0.37332400000000004,0.02994447089820986,0.3704,0.038500000000000034,0.3535,0.392,0.32111999999999996,0.42583,0.3128,0.4568,0.0
SC_022,Effect Magnitude Sensitivity,12,50,4.0,Small,2.5,0.25,0.0,Wilcoxon-Copeland,100,0.73,0.4461960433384737,1.0,1.0,0.0,1.0,0.0,1.0,0.0,1.0,0.0,0.0,0.0,0.0,0.0,0.0,0.0,0.0,0.0,0.0,0.7306060606060606,0.048518315660974025,0.7272727272727272,0.06060606060606055,0.6969696969696969,0.7575757575757575,0.6363636363636362,0.8181818181818181,0.5757575757575757,0.8484848484848484,0.829020979020979,0.04082885194055901,0.8321678321678322,0.06293706293706292,0.7972027972027973,0.8601398601398602,0.7375874125874127,0.8951048951048951,0.7062937062937064,0.9020979020979022,0.13469696969696965,0.02425915783048702,0.1363636363636363,0.03030303030303029,0.1212121212121212,0.1515151515151515,0.0909090909090909,0.1818181818181818,0.0757575757575757,0.2121212121212121,-0.33,0.6824643402827548,0.0,0.0,0.0,0.0,-1.5,0.5249999999999915,-1.5,1.0,0.65,0.4793724854411022,1.0,1.0,0.0,1.0,0.0,1.0,0.0,1.0,1.2850000000000004,0.2082676664185319,1.3333333333333333,0.16666666666666652,1.1666666666666667,1.3333333333333333,0.9125000000000001,1.6666666666666667,0.8333333333333334,1.8333333333333333,0.33,0.6365151334819269,0.0,1.0,0.0,1.0,0.0,2.049999999999983,0.0,3.0,-0.21545599999999998,0.11533986346901275,-0.2272,0.1708,-0.3,-0.12919999999999998,-0.41346,0.012419999999999994,-0.5272,0.0672,0.781184,0.06074090482691148,0.7867999999999999,0.0808000000000001,0.7424,0.8232,0.6662399999999999,0.8924799999999998,0.5952,0.9304,-1.5631559999999995,0.8346670636459509,-1.57585,1.022125,-2.106225,-1.0840999999999998,-2.9404025,-0.0156400000000006,-3.9732,0.3601,7.015173000000001,0.696678917226638,6.96425,0.9496750000000009,6.569925,7.5196000000000005,5.4542425,8.242625,5.4082,8.6118,0.37332400000000004,0.02994447089820986,0.3704,0.038500000000000034,0.3535,0.392,0.32111999999999996,0.42583,0.3128,0.4568,0.0
SC_023,Effect Magnitude Sensitivity,12,50,4.0,Large,8.0,0.8,0.0,Borda,100,0.38,0.4878317312145634,0.0,1.0,0.0,1.0,0.0,1.0,0.0,1.0,0.0,0.0,0.0,0.0,0.0,0.0,0.0,0.0,0.0,0.0,0.5593939393939393,0.09966226556599161,0.5757575757575757,0.1212121212121211,0.5151515151515151,0.6363636363636362,0.3333333333333333,0.7272727272727272,0.2727272727272727,0.7878787878787877,0.7355944055944057,0.08611637661506007,0.7412587412587414,0.11188811188811187,0.6923076923076924,0.8041958041958043,0.5590909090909091,0.8708041958041959,0.4265734265734266,0.8811188811188813,0.22030303030303025,0.04983113278299582,0.2121212121212121,0.06060606060606061,0.1818181818181818,0.2424242424242424,0.1363636363636363,0.3333333333333333,0.106060606060606,0.3636363636363636,-0.23,1.268141087648302,0.0,1.5,-1.5,0.0,-1.5,2.5,-1.5,2.5,0.37,0.4852365870939097,0.0,1.0,0.0,1.0,0.0,1.0,0.0,1.0,1.9083333333333332,0.3938179688543841,1.8333333333333333,0.4999999999999998,1.6666666666666667,2.1666666666666665,1.3333333333333333,2.5874999999999986,0.8333333333333334,2.8333333333333335,0.97,1.0096003809888987,1.0,1.0,0.0,1.0,0.0,3.0,0.0,4.0,-0.19828000000000004,0.09948972841759122,-0.1864,0.1472,-0.2768,-0.1296,-0.37136,-0.006120000000000096,-0.396,0.0536,0.7931520000000001,0.06352605522877439,0.8,0.08399999999999996,0.7568,0.8408,0.66272,0.888,0.62,0.8928,-1.4221620000000001,0.7176281131926511,-1.36835,0.9620500000000001,-1.906025,-0.943975,-2.8070325,-0.05004250000000102,-2.9938,0.4163,7.1224549999999995,0.7916418177120919,7.16095,1.0911500000000007,6.513225,7.604375,5.6256575,8.781405,5.0588,9.2107,0.504104,0.033453921030624084,0.507,0.036200000000000065,0.4855,0.5217,0.43298,0.5712,0.4172,0.5936,0.0
SC_023,Effect Magnitude Sensitivity,12,50,4.0,Large,8.0,0.8,0.0,HERA,100,1.0,0.0,1.0,0.0,1.0,1.0,1.0,1.0,1.0,1.0,0.57,0.4975698519562429,1.0,1.0,0.0,1.0,0.0,1.0,0.0,1.0,0.984242424242424,0.020421216710990057,0.9999999999999998,0.030303030303030165,0.9696969696969696,0.9999999999999998,0.9393939393939392,0.9999999999999998,0.909090909090909,0.9999999999999998,0.996013986013986,0.005901626527352925,1.0,0.006993006993006756,0.9930069930069932,1.0,0.9790209790209792,1.0,0.965034965034965,1.0,0.00787878787878786,0.010210608355495037,0.0,0.0151515151515151,0.0,0.0151515151515151,0.0,0.0303030303030303,0.0,0.0454545454545454,0.0,0.0,0.0,0.0,0.0,0.0,0.0,0.0,0.0,0.0,0.0,0.0,0.0,0.0,0.0,0.0,0.0,0.0,0.0,0.0,0.08666666666666664,0.11231669191044553,0.0,0.1666666666666666,0.0,0.1666666666666666,0.0,0.3333333333333333,0.0,0.5,0.0,0.0,0.0,0.0,0.0,0.0,0.0,0.0,0.0,0.0,-0.19828000000000004,0.09948972841759122,-0.1864,0.1472,-0.2768,-0.1296,-0.37136,-0.006120000000000096,-0.396,0.0536,0.7931520000000001,0.06352605522877439,0.8,0.08399999999999996,0.7568,0.8408,0.66272,0.888,0.62,0.8928,-1.4221620000000001,0.7176281131926511,-1.36835,0.9620500000000001,-1.906025,-0.943975,-2.8070325,-0.05004250000000102,-2.9938,0.4163,7.1224549999999995,0.7916418177120919,7.16095,1.0911500000000007,6.513225,7.604375,5.6256575,8.781405,5.0588,9.2107,0.504104,0.033453921030624084,0.507,0.036200000000000065,0.4855,0.5217,0.43298,0.5712,0.4172,0.5936,0.0
SC_023,Effect Magnitude Sensitivity,12,50,4.0,Large,8.0,0.8,0.0,TOPSIS,100,1.0,0.0,1.0,0.0,1.0,1.0,1.0,1.0,1.0,1.0,0.03,0.17144660799776532,0.0,0.0,0.0,0.0,0.0,0.5249999999999915,0.0,1.0,0.9130303030303029,0.045917447044916224,0.909090909090909,0.06060606060606055,0.8787878787878787,0.9393939393939392,0.8181818181818181,0.9856060606060602,0.7272727272727272,0.9999999999999998,0.9710489510489512,0.023626167220306925,0.9755244755244756,0.020979020979021157,0.965034965034965,0.9860139860139862,0.9160839160839164,0.9966783216783217,0.8251748251748254,1.0,0.04348484848484845,0.022958723522458115,0.0454545454545454,0.0303030303030303,0.0303030303030303,0.0606060606060606,0.007196969696969674,0.0909090909090909,0.0,0.1363636363636363,0.0,0.0,0.0,0.0,0.0,0.0,0.0,0.0,0.0,0.0,0.0,0.0,0.0,0.0,0.0,0.0,0.0,0.0,0.0,0.0,0.43833333333333335,0.21274619329365865,0.5,0.16666666666666669,0.3333333333333333,0.5,0.07916666666666665,0.8333333333333334,0.0,1.3333333333333333,0.0,0.0,0.0,0.0,0.0,0.0,0.0,0.0,0.0,0.0,-0.19828000000000004,0.09948972841759122,-0.1864,0.1472,-0.2768,-0.1296,-0.37136,-0.006120000000000096,-0.396,0.0536,0.7931520000000001,0.06352605522877439,0.8,0.08399999999999996,0.7568,0.8408,0.66272,0.888,0.62,0.8928,-1.4221620000000001,0.7176281131926511,-1.36835,0.9620500000000001,-1.906025,-0.943975,-2.8070325,-0.05004250000000102,-2.9938,0.4163,7.1224549999999995,0.7916418177120919,7.16095,1.0911500000000007,6.513225,7.604375,5.6256575,8.781405,5.0588,9.2107,0.504104,0.033453921030624084,0.507,0.036200000000000065,0.4855,0.5217,0.43298,0.5712,0.4172,0.5936,0.0
SC_023,Effect Magnitude Sensitivity,12,50,4.0,Large,8.0,0.8,0.0,Wilcoxon-Copeland,100,0.63,0.4852365870939097,1.0,1.0,0.0,1.0,0.0,1.0,0.0,1.0,0.0,0.0,0.0,0.0,0.0,0.0,0.0,0.0,0.0,0.0,0.7499999999999997,0.03689415073454782,0.7575757575757575,0.06060606060606055,0.7272727272727272,0.7878787878787877,0.6666666666666666,0.7878787878787877,0.6363636363636362,0.8181818181818181,0.8379720279720282,0.03001731739356414,0.8391608391608393,0.020979020979020824,0.8251748251748254,0.8461538461538463,0.7725524475524477,0.8847902097902098,0.7692307692307694,0.9090909090909092,0.12499999999999994,0.018447075367273923,0.1212121212121212,0.030303030303030304,0.106060606060606,0.1363636363636363,0.106060606060606,0.1666666666666666,0.0909090909090909,0.1818181818181818,-0.555,0.7278548806408646,0.0,1.5,-1.5,0.0,-1.5,0.0,-1.5,0.0,0.76,0.42923469599092784,1.0,0.0,1.0,1.0,0.0,1.0,0.0,1.0,1.25,0.13504789855677712,1.1666666666666667,0.16666666666666652,1.1666666666666667,1.3333333333333333,1.0,1.5,1.0,1.6666666666666667,0.37,0.4852365870939097,0.0,1.0,0.0,1.0,0.0,1.0,0.0,1.0,-0.19828000000000004,0.09948972841759122,-0.1864,0.1472,-0.2768,-0.1296,-0.37136,-0.006120000000000096,-0.396,0.0536,0.7931520000000001,0.06352605522877439,0.8,0.08399999999999996,0.7568,0.8408,0.66272,0.888,0.62,0.8928,-1.4221620000000001,0.7176281131926511,-1.36835,0.9620500000000001,-1.906025,-0.943975,-2.8070325,-0.05004250000000102,-2.9938,0.4163,7.1224549999999995,0.7916418177120919,7.16095,1.0911500000000007,6.513225,7.604375,5.6256575,8.781405,5.0588,9.2107,0.504104,0.033453921030624084,0.507,0.036200000000000065,0.4855,0.5217,0.43298,0.5712,0.4172,0.5936,0.0
SC_024,Correlation Sensitivity,12,50,4.0,Medium,5.0,0.5,0.5,Borda,100,0.5,0.502518907629606,0.5,1.0,0.0,1.0,0.0,1.0,0.0,1.0,0.0,0.0,0.0,0.0,0.0,0.0,0.0,0.0,0.0,0.0,0.5363636363636364,0.09322625924544273,0.5454545454545454,0.09090909090909088,0.4848484848484848,0.5757575757575757,0.3333333333333333,0.6969696969696969,0.303030303030303,0.7272727272727272,0.7148251748251749,0.08448852338605434,0.7342657342657343,0.07692307692307698,0.6923076923076924,0.7692307692307694,0.4854895104895105,0.8325174825174826,0.4475524475524475,0.8601398601398602,0.23181818181818176,0.04661312962272138,0.2272727272727272,0.045454545454545414,0.2121212121212121,0.2575757575757575,0.1515151515151515,0.3333333333333333,0.1363636363636363,0.3484848484848485,-0.35,1.0552897060221726,0.0,1.5,-1.5,0.0,-1.5,2.5,-1.5,2.5,0.34,0.47609522856952335,0.0,1.0,0.0,1.0,0.0,1.0,0.0,1.0,1.9833333333333334,0.35414809814663045,2.0,0.33333333333333326,1.8333333333333333,2.1666666666666665,1.3333333333333333,2.754166666666665,1.1666666666666667,2.8333333333333335,0.73,0.9519252156349343,0.5,1.0,0.0,1.0,0.0,3.0,0.0,4.0,-0.198736,0.1253557777453493,-0.2028,0.164,-0.2762,-0.1122,-0.46142,0.04047999999999956,-0.4936,0.1216,0.793808,0.06531216676296023,0.798,0.08720000000000006,0.7542,0.8413999999999999,0.66936,0.8995999999999998,0.5912,0.9376,-1.4263079999999997,0.8938807904928494,-1.40355,1.18425,-1.927375,-0.743125,-3.3622099999999997,0.2883749999999954,-3.6611,0.7193,7.110111999999999,0.8526165530419944,6.99225,1.1517749999999998,6.6072999999999995,7.759074999999999,5.51345,8.609865,4.7572,8.9316,0.49580399999999997,0.032744397068719094,0.4914,0.041000000000000036,0.4751,0.5161,0.43728999999999996,0.56187,0.4232,0.5904,0.0
SC_024,Correlation Sensitivity,12,50,4.0,Medium,5.0,0.5,0.5,HERA,100,1.0,0.0,1.0,0.0,1.0,1.0,1.0,1.0,1.0,1.0,0.52,0.5021167315686782,1.0,1.0,0.0,1.0,0.0,1.0,0.0,1.0,0.9809090909090906,0.02423285700410125,0.9999999999999998,0.030303030303030165,0.9696969696969696,0.9999999999999998,0.9234848484848484,0.9999999999999998,0.8787878787878787,0.9999999999999998,0.9952447552447552,0.007089815186717976,1.0,0.006993006993006756,0.9930069930069932,1.0,0.9790209790209792,1.0,0.9510489510489512,1.0,0.009545454545454525,0.01211642850205063,0.0,0.0151515151515151,0.0,0.0151515151515151,0.0,0.0382575757575756,0.0,0.0606060606060606,0.0,0.0,0.0,0.0,0.0,0.0,0.0,0.0,0.0,0.0,0.0,0.0,0.0,0.0,0.0,0.0,0.0,0.0,0.0,0.0,0.10333333333333329,0.1270841957800398,0.0,0.1666666666666666,0.0,0.1666666666666666,0.0,0.4208333333333319,0.0,0.5,0.0,0.0,0.0,0.0,0.0,0.0,0.0,0.0,0.0,0.0,-0.198736,0.1253557777453493,-0.2028,0.164,-0.2762,-0.1122,-0.46142,0.04047999999999956,-0.4936,0.1216,0.793808,0.06531216676296023,0.798,0.08720000000000006,0.7542,0.8413999999999999,0.66936,0.8995999999999998,0.5912,0.9376,-1.4263079999999997,0.8938807904928494,-1.40355,1.18425,-1.927375,-0.743125,-3.3622099999999997,0.2883749999999954,-3.6611,0.7193,7.110111999999999,0.8526165530419944,6.99225,1.1517749999999998,6.6072999999999995,7.759074999999999,5.51345,8.609865,4.7572,8.9316,0.49580399999999997,0.032744397068719094,0.4914,0.041000000000000036,0.4751,0.5161,0.43728999999999996,0.56187,0.4232,0.5904,0.0
SC_024,Correlation Sensitivity,12,50,4.0,Medium,5.0,0.5,0.5,TOPSIS,100,1.0,0.0,1.0,0.0,1.0,1.0,1.0,1.0,1.0,1.0,0.02,0.14070529413628968,0.0,0.0,0.0,0.0,0.0,0.0,0.0,1.0,0.8890909090909089,0.0590903204510249,0.909090909090909,0.09090909090909083,0.8484848484848484,0.9393939393939392,0.7719696969696969,0.9696969696969696,0.7272727272727272,0.9999999999999998,0.9606993006993008,0.029715064631844607,0.965034965034965,0.04195804195804176,0.9440559440559444,0.9860139860139862,0.8984265734265735,0.9930069930069932,0.8251748251748254,1.0,0.05545454545454542,0.029545160225512453,0.0454545454545454,0.0454545454545454,0.0303030303030303,0.0757575757575757,0.0151515151515151,0.11401515151515135,0.0,0.1363636363636363,0.0,0.0,0.0,0.0,0.0,0.0,0.0,0.0,0.0,0.0,0.0,0.0,0.0,0.0,0.0,0.0,0.0,0.0,0.0,0.0,0.5516666666666666,0.27492984514796937,0.5,0.3333333333333333,0.3333333333333333,0.6666666666666666,0.1666666666666666,1.0,0.0,1.5,0.0,0.0,0.0,0.0,0.0,0.0,0.0,0.0,0.0,0.0,-0.198736,0.1253557777453493,-0.2028,0.164,-0.2762,-0.1122,-0.46142,0.04047999999999956,-0.4936,0.1216,0.793808,0.06531216676296023,0.798,0.08720000000000006,0.7542,0.8413999999999999,0.66936,0.8995999999999998,0.5912,0.9376,-1.4263079999999997,0.8938807904928494,-1.40355,1.18425,-1.927375,-0.743125,-3.3622099999999997,0.2883749999999954,-3.6611,0.7193,7.110111999999999,0.8526165530419944,6.99225,1.1517749999999998,6.6072999999999995,7.759074999999999,5.51345,8.609865,4.7572,8.9316,0.49580399999999997,0.032744397068719094,0.4914,0.041000000000000036,0.4751,0.5161,0.43728999999999996,0.56187,0.4232,0.5904,0.0
SC_024,Correlation Sensitivity,12,50,4.0,Medium,5.0,0.5,0.5,Wilcoxon-Copeland,100,0.69,0.4648231987117317,1.0,1.0,0.0,1.0,0.0,1.0,0.0,1.0,0.0,0.0,0.0,0.0,0.0,0.0,0.0,0.0,0.0,0.0,0.7390909090909089,0.04390164406484994,0.7575757575757575,0.030303030303030276,0.7272727272727272,0.7575757575757575,0.6363636363636362,0.8181818181818181,0.606060606060606,0.8181818181818181,0.8340559440559442,0.0326166968758117,0.8391608391608393,0.036713286713286775,0.8111888111888113,0.847902097902098,0.7655594405594407,0.8881118881118882,0.7552447552447553,0.9090909090909092,0.1304545454545454,0.021950822032424978,0.1212121212121212,0.015151515151515096,0.1212121212121212,0.1363636363636363,0.0909090909090909,0.1818181818181818,0.0909090909090909,0.1969696969696969,-0.465,0.6972347980675976,0.0,1.5,-1.5,0.0,-1.5,0.0,-1.5,0.0,0.71,0.4560480215720687,1.0,1.0,0.0,1.0,0.0,1.0,0.0,1.0,1.2583333333333333,0.16476184220402687,1.25,0.16666666666666652,1.1666666666666667,1.3333333333333333,1.0,1.5,0.8333333333333334,1.6666666666666667,0.31,0.4648231987117316,0.0,1.0,0.0,1.0,0.0,1.0,0.0,1.0,-0.198736,0.1253557777453493,-0.2028,0.164,-0.2762,-0.1122,-0.46142,0.04047999999999956,-0.4936,0.1216,0.793808,0.06531216676296023,0.798,0.08720000000000006,0.7542,0.8413999999999999,0.66936,0.8995999999999998,0.5912,0.9376,-1.4263079999999997,0.8938807904928494,-1.40355,1.18425,-1.927375,-0.743125,-3.3622099999999997,0.2883749999999954,-3.6611,0.7193,7.110111999999999,0.8526165530419944,6.99225,1.1517749999999998,6.6072999999999995,7.759074999999999,5.51345,8.609865,4.7572,8.9316,0.49580399999999997,0.032744397068719094,0.4914,0.041000000000000036,0.4751,0.5161,0.43728999999999996,0.56187,0.4232,0.5904,0.0
